{"type":"FeatureCollection","features":[{"type":"Feature","properties":{"slug":"stara-zagora-oblast","name_bg":"Стара Загора","name_en":"Stara Zagora","source":"OpenStreetMap contributors, ODbL 1.0"},"geometry":{"type":"MultiPolygon","coordinates":[[[[25.0069408,42.7377407],[25.0084132,42.740085],[25.0033757,42.7457973],[24.9902629,42.7471956],[24.9852221,42.744453],[24.9851794,42.7476426],[24.9834396,42.7470048],[24.9808061,42.7489821],[24.9934203,42.7506478],[24.9877152,42.7511498],[24.9903725,42.7532855],[24.9953096,42.751834],[24.9967646,42.7476702],[25.0144451,42.7467731],[25.025169,42.751448],[25.031061,42.761707],[25.038675,42.76022],[25.0425,42.75207],[25.049618,42.748513],[25.07016,42.746766],[25.078057,42.742705],[25.091044,42.750559],[25.098998,42.750967],[25.1042,42.759633],[25.117983,42.757635],[25.134814,42.759947],[25.147031,42.769132],[25.154517,42.770315],[25.160779,42.778661],[25.172087,42.781572],[25.179003,42.789409],[25.210254,42.780951],[25.211649,42.774735],[25.221385,42.768368],[25.224477,42.762475],[25.225912,42.749237],[25.240167,42.749865],[25.244069,42.743986],[25.249057,42.74263],[25.267548,42.764845],[25.275139,42.763942],[25.280859,42.758061],[25.282456,42.750156],[25.291153,42.754523],[25.317589,42.757336],[25.32458,42.750652],[25.341451,42.749332],[25.343533,42.743178],[25.357846,42.740372],[25.362316,42.735487],[25.371915,42.741491],[25.390087,42.738782],[25.403362,42.743442],[25.417735,42.733672],[25.423206,42.734443],[25.42415,42.740156],[25.434462,42.748895],[25.4346032,42.7611909],[25.443441,42.763855],[25.452125,42.761553],[25.468454,42.764564],[25.475066,42.754855],[25.503679,42.766025],[25.512186,42.766221],[25.527948,42.762535],[25.544387,42.753141],[25.553521,42.762151],[25.563053,42.761235],[25.570417,42.770223],[25.575468,42.762742],[25.59766,42.74843],[25.616586,42.745607],[25.61923,42.74822],[25.609636,42.751398],[25.616308,42.753595],[25.618284,42.757501],[25.62568,42.759886],[25.633829,42.757493],[25.634199,42.760057],[25.629575,42.766286],[25.623124,42.76869],[25.605974,42.769841],[25.603316,42.77266],[25.608495,42.784804],[25.616362,42.78676],[25.632806,42.782301],[25.635793,42.788802],[25.655238,42.791754],[25.659387,42.797438],[25.676576,42.797101],[25.681047,42.808123],[25.700731,42.808473],[25.708521,42.80335],[25.715509,42.804162],[25.719365,42.800691],[25.719824,42.791971],[25.725752,42.78864],[25.738839,42.790197],[25.774794,42.779157],[25.784847,42.784145],[25.812146,42.782907],[25.816917,42.779004],[25.836301,42.778141],[25.844782,42.773283],[25.846099,42.769344],[25.836516,42.76844],[25.822989,42.761349],[25.807574,42.762826],[25.815221,42.747539],[25.822069,42.747201],[25.817864,42.740837],[25.819975,42.73566],[25.836129,42.726582],[25.834923,42.720988],[25.84287,42.699255],[25.842012,42.691644],[25.845916,42.690529],[25.857093,42.675122],[25.860841,42.660652],[25.867755,42.656767],[25.866015,42.648971],[25.86088,42.647379],[25.855314,42.640035],[25.858961,42.62824],[25.867392,42.622172],[25.864164,42.618475],[25.865895,42.611173],[25.873316,42.600264],[25.885152,42.596917],[25.884969,42.587163],[25.899708,42.59247],[25.90682,42.589364],[25.911745,42.582457],[25.902914,42.582967],[25.895368,42.576987],[25.899049,42.571913],[25.885641,42.560053],[25.878931,42.557736],[25.866991,42.559309],[25.859647,42.555182],[25.844788,42.556874],[25.847734,42.548032],[25.860474,42.536726],[25.862248,42.537961],[25.875333,42.523072],[25.877138,42.510499],[25.882474,42.512929],[25.894727,42.496951],[25.899092,42.495413],[25.914373,42.472557],[25.907073,42.470654],[25.911117,42.464832],[25.879423,42.456996],[25.882713,42.447245],[25.873702,42.445755],[25.883494,42.420699],[25.898326,42.420009],[25.904829,42.387669],[25.90068,42.385404],[25.908916,42.366498],[25.926558,42.356342],[25.93348,42.356717],[25.931893,42.34487],[25.937722,42.344428],[25.930446,42.322275],[25.947917,42.319102],[25.948856,42.321592],[25.985858,42.31946],[25.986038,42.307692],[25.991214,42.30696],[25.988071,42.292077],[25.991598,42.283292],[26.009201,42.281258],[26.024219,42.284106],[26.02581,42.287685],[26.049857,42.285244],[26.052524,42.271706],[26.059057,42.267944],[26.081777,42.266729],[26.094237,42.261989],[26.089389,42.257788],[26.106551,42.247546],[26.123012,42.252075],[26.125927,42.245005],[26.135335,42.247035],[26.13728,42.265959],[26.144667,42.264887],[26.14462,42.260479],[26.158697,42.261891],[26.160558,42.265112],[26.171301,42.262648],[26.171336,42.260366],[26.175719,42.261456],[26.168402,42.25071],[26.172385,42.247568],[26.173582,42.236922],[26.170597,42.234205],[26.174938,42.228661],[26.186122,42.223995],[26.181876,42.221733],[26.176303,42.224717],[26.169688,42.220838],[26.190089,42.214519],[26.192721,42.208125],[26.186408,42.201201],[26.176301,42.198434],[26.174777,42.193715],[26.16727,42.193047],[26.165121,42.179594],[26.168491,42.174437],[26.166301,42.170298],[26.155801,42.164607],[26.142855,42.163217],[26.146374,42.156903],[26.134217,42.151166],[26.136461,42.139805],[26.131209,42.133027],[26.132936,42.128051],[26.127567,42.124056],[26.13719,42.107865],[26.133112,42.099598],[26.156779,42.078952],[26.151369,42.07159],[26.155989,42.059816],[26.152825,42.03929],[26.149067,42.036949],[26.123432,42.043474],[26.113145,42.038189],[26.106733,42.041756],[26.097151,42.04025],[26.087594,42.031887],[26.063336,42.019622],[26.057755,42.017654],[26.047601,42.020568],[26.035872,42.028084],[26.026144,42.030248],[26.029144,42.033176],[26.020439,42.039536],[26.021069,42.053661],[26.016702,42.061568],[26.006896,42.06581],[26.004788,42.071493],[25.977022,42.095733],[25.951137,42.105576],[25.943399,42.105746],[25.942926,42.10326],[25.922935,42.107933],[25.906408,42.122728],[25.897223,42.120318],[25.888304,42.112597],[25.877551,42.113558],[25.876496,42.117227],[25.872919,42.116756],[25.871701,42.122822],[25.871994,42.127564],[25.875927,42.126732],[25.87768,42.131654],[25.862352,42.128368],[25.862857,42.130512],[25.849404,42.123843],[25.850874,42.117219],[25.840746,42.109307],[25.847738,42.09931],[25.838662,42.093471],[25.835984,42.085526],[25.830494,42.086462],[25.829753,42.081005],[25.805959,42.083324],[25.802914,42.076236],[25.79071,42.073483],[25.777787,42.064257],[25.780497,42.057201],[25.763594,42.052387],[25.757729,42.057081],[25.763176,42.064582],[25.757786,42.068239],[25.754651,42.065902],[25.740596,42.067855],[25.729686,42.078657],[25.732295,42.081477],[25.740539,42.080605],[25.726525,42.089583],[25.721479,42.098238],[25.724631,42.103637],[25.722126,42.114602],[25.719095,42.118121],[25.704901,42.121178],[25.706,42.130854],[25.699938,42.136136],[25.682269,42.137783],[25.675336,42.146331],[25.665048,42.144511],[25.663946,42.139433],[25.646679,42.13598],[25.637332,42.127393],[25.636035,42.122493],[25.61728,42.13443],[25.622671,42.136395],[25.617279,42.140669],[25.622728,42.146788],[25.618812,42.153246],[25.621137,42.17257],[25.625511,42.172199],[25.630136,42.182133],[25.60932,42.200951],[25.597658,42.197576],[25.596086,42.190031],[25.593589,42.190014],[25.590432,42.2011],[25.5912259,42.1927106],[25.5794116,42.1736507],[25.5821566,42.1689451],[25.5684188,42.1673497],[25.5688211,42.165073],[25.5519946,42.1603501],[25.5501093,42.157079],[25.5238621,42.1658514],[25.527497,42.1679617],[25.5187619,42.1766054],[25.4932266,42.1707857],[25.4832206,42.1619367],[25.4706788,42.1641785],[25.4706114,42.160731],[25.4581261,42.1610117],[25.4577588,42.1487722],[25.4616932,42.148418],[25.4614667,42.1410511],[25.4665408,42.1397314],[25.4657421,42.12361],[25.4577419,42.112594],[25.4509597,42.1113894],[25.4473339,42.1009871],[25.4335252,42.0979415],[25.4258655,42.1015998],[25.4277848,42.0893231],[25.4059231,42.0977821],[25.3955342,42.1060886],[25.3782847,42.1049243],[25.35137,42.1147083],[25.3324415,42.1135161],[25.3156723,42.1482775],[25.2942799,42.1470827],[25.2761835,42.1529608],[25.2754088,42.1553344],[25.2805301,42.1540219],[25.2764171,42.1559777],[25.2598192,42.1844259],[25.2465842,42.1815099],[25.250465,42.1775452],[25.2265136,42.1694802],[25.22381,42.1642202],[25.2167854,42.1640641],[25.2160797,42.1594401],[25.2078667,42.1595466],[25.2093939,42.1638476],[25.1972743,42.1659151],[25.1963679,42.1741783],[25.175083,42.1695279],[25.1754603,42.1801173],[25.1664802,42.1802877],[25.1699802,42.1697221],[25.1599322,42.1703695],[25.1589358,42.1617764],[25.1619552,42.1618736],[25.1671516,42.1521396],[25.1560198,42.1483344],[25.1583717,42.1417529],[25.1660638,42.1423365],[25.1594685,42.1383738],[25.1525421,42.1469904],[25.1567061,42.1529136],[25.1509815,42.1572731],[25.124735,42.159254],[25.11551,42.169072],[25.082438,42.181742],[25.086779,42.221209],[25.083016,42.256018],[25.099,42.262574],[25.130061,42.264946],[25.153048,42.262975],[25.173744,42.271251],[25.175365,42.275276],[25.174453,42.279826],[25.168718,42.277889],[25.156213,42.280078],[25.15324,42.290705],[25.155218,42.2921185],[25.142725,42.29139],[25.140204,42.288117],[25.135798,42.290918],[25.133409,42.286684],[25.126073,42.28614],[25.130342,42.300261],[25.124486,42.305031],[25.126764,42.309926],[25.122438,42.336205],[25.117424,42.336063],[25.119807,42.340821],[25.11275,42.343667],[25.12255,42.350334],[25.119538,42.35294],[25.123965,42.357534],[25.118299,42.36341],[25.1226924,42.3661774],[25.119511,42.367732],[25.119471,42.381118],[25.113374,42.391287],[25.11517,42.395545],[25.112294,42.396383],[25.117399,42.397069],[25.121746,42.416488],[25.132069,42.42391],[25.143908,42.411473],[25.165498,42.40886],[25.167571,42.405179],[25.180355,42.399464],[25.180524,42.392386],[25.194336,42.391174],[25.193916,42.398927],[25.197941,42.399284],[25.197671,42.410324],[25.2009,42.414054],[25.197756,42.41768],[25.199507,42.422342],[25.189021,42.431527],[25.164616,42.439354],[25.154603,42.446754],[25.153697,42.454131],[25.162558,42.465561],[25.175078,42.470267],[25.180444,42.468592],[25.175511,42.473002],[25.178254,42.482866],[25.185654,42.482622],[25.191291,42.491788],[25.177193,42.491956],[25.174291,42.499576],[25.162056,42.501113],[25.154424,42.505703],[25.138947,42.498973],[25.094969,42.498483],[25.088438,42.494641],[25.076932,42.494153],[25.068989,42.50824],[25.038575,42.518676],[25.038778,42.526787],[25.029514,42.530937],[25.026855,42.53745],[25.016935,42.540382],[25.022415,42.545544],[25.017574,42.551565],[25.018831,42.564401],[25.016134,42.573033],[25.014036,42.578234],[25.000561,42.588312],[25.013939,42.597155],[25.007896,42.601397],[25.004453,42.609252],[25.008682,42.609328],[25.013558,42.618903],[25.020739,42.622548],[25.016878,42.639456],[25.017978,42.651126],[25.02127,42.653602],[25.019713,42.657347],[25.023557,42.658898],[25.016601,42.665658],[25.015878,42.669003],[25.021972,42.668614],[25.022831,42.669781],[25.015241,42.678989],[25.020132,42.693243],[25.016358,42.697074],[25.020803,42.702556],[25.013581,42.715178],[25.015434,42.722526],[25.010048,42.725899],[25.005428,42.735332],[25.0069408,42.7377407]]],[[[25.013778,42.765112],[25.015954,42.766791],[25.0132262,42.7524342],[25.0049045,42.7556108],[24.9980303,42.7530448],[24.9997568,42.7585839],[25.0093867,42.7589378],[25.013778,42.765112]]]]}},{"type":"Feature","properties":{"slug":"varna-oblast","name_bg":"Варна","name_en":"Varna","source":"OpenStreetMap contributors, ODbL 1.0"},"geometry":{"type":"MultiPolygon","coordinates":[[[[27.0707651,43.0066974],[27.069092,43.010725],[27.074054,43.015788],[27.090583,43.020092],[27.095123,43.024951],[27.113956,43.032415],[27.151071,43.032945],[27.173584,43.029548],[27.176013,43.031724],[27.172662,43.033075],[27.174597,43.04047],[27.1827141,43.0456861],[27.18358,43.03987],[27.189436,43.03768],[27.21629,43.042831],[27.2329783,43.0401158],[27.212667,43.048646],[27.217013,43.053654],[27.223837,43.054815],[27.223194,43.057958],[27.219337,43.055089],[27.206677,43.065843],[27.213922,43.074194],[27.199483,43.074108],[27.200704,43.077567],[27.19072,43.078092],[27.183382,43.071582],[27.16544,43.077049],[27.180638,43.082088],[27.182253,43.085853],[27.176068,43.096986],[27.163046,43.102832],[27.16139,43.107028],[27.166403,43.110671],[27.172844,43.110534],[27.165614,43.118469],[27.170157,43.121894],[27.180702,43.122657],[27.182009,43.137611],[27.187768,43.136787],[27.187666,43.13982],[27.195801,43.137992],[27.196342,43.151595],[27.213613,43.154314],[27.211497,43.161243],[27.207318,43.163146],[27.202657,43.162937],[27.2046296,43.1611556],[27.180368,43.16601],[27.1858075,43.175075],[27.2252638,43.1615542],[27.2123577,43.1676916],[27.2243728,43.1694511],[27.2224297,43.1657948],[27.2298416,43.1619966],[27.2502774,43.1719628],[27.2481315,43.1745887],[27.258374,43.1787493],[27.2587601,43.182522],[27.2731209,43.1828171],[27.2843947,43.1780553],[27.2997962,43.1813087],[27.297494,43.1872985],[27.2827519,43.1964971],[27.281691,43.2080108],[27.2730649,43.2243758],[27.2774791,43.2400341],[27.274127,43.2419777],[27.2752422,43.2460197],[27.2714231,43.2468822],[27.2734453,43.2493364],[27.2644538,43.2454551],[27.2588306,43.247084],[27.2563469,43.262483],[27.241029,43.2654961],[27.2402008,43.2709575],[27.2438849,43.2860762],[27.2514706,43.2852883],[27.252798,43.2926267],[27.2620756,43.2917279],[27.2668265,43.2978175],[27.2964492,43.3032998],[27.2992929,43.3074435],[27.2938699,43.3076167],[27.2939694,43.3280855],[27.3087806,43.3268265],[27.3094704,43.3290082],[27.3062458,43.3350518],[27.294439,43.3377128],[27.2935117,43.3471561],[27.2807902,43.35821],[27.2816989,43.3732739],[27.269157,43.3757265],[27.2712087,43.3807388],[27.2743216,43.3855653],[27.2796451,43.384693],[27.2828982,43.3876718],[27.2835379,43.3986363],[27.3019852,43.3994545],[27.3034417,43.4108038],[27.3269327,43.4143923],[27.3263104,43.4218768],[27.3155156,43.4203916],[27.3140584,43.4234679],[27.3358344,43.4261421],[27.3243467,43.4344628],[27.345131,43.4400503],[27.3430146,43.4543208],[27.3364228,43.4553103],[27.3481478,43.4571253],[27.3425682,43.4629863],[27.3391135,43.4619369],[27.3267477,43.4760044],[27.3383177,43.4854715],[27.3387808,43.4951964],[27.3435031,43.4975021],[27.332802,43.4969533],[27.3258797,43.5036415],[27.3074463,43.5056013],[27.3090786,43.508418],[27.3044574,43.5154249],[27.3167612,43.5248357],[27.3244834,43.5267811],[27.3333769,43.5418492],[27.3713011,43.5482982],[27.3867214,43.5570233],[27.3856697,43.5589961],[27.4231734,43.5778925],[27.4180215,43.5856017],[27.4245054,43.5884236],[27.4197989,43.5954106],[27.4294595,43.6002574],[27.4397323,43.5844965],[27.4455047,43.5868779],[27.4525633,43.5765764],[27.4741628,43.5697657],[27.4866358,43.5470477],[27.4930353,43.5418509],[27.4898485,43.5316573],[27.4930097,43.5220244],[27.4884782,43.5208687],[27.4891838,43.5100775],[27.5076904,43.4971039],[27.5259305,43.4952583],[27.5259067,43.4927102],[27.5385103,43.4940801],[27.548114,43.4886104],[27.5404407,43.4951522],[27.553146,43.4992079],[27.5602684,43.4966279],[27.5601418,43.5012618],[27.5674781,43.5003859],[27.5756828,43.5064394],[27.5804604,43.5043033],[27.5805579,43.5124227],[27.5884863,43.514016],[27.5886557,43.5255625],[27.5923519,43.5333746],[27.6160468,43.5266447],[27.6363676,43.5151739],[27.6347605,43.5105544],[27.6437991,43.5032543],[27.6440949,43.4983137],[27.6359663,43.4933495],[27.6461615,43.4841009],[27.6752972,43.475778],[27.6923603,43.4808825],[27.7012869,43.479803],[27.7043371,43.4738799],[27.7107754,43.4753216],[27.7208733,43.4718495],[27.7272755,43.4604213],[27.7406802,43.4528599],[27.7581243,43.4323995],[27.7679446,43.4324567],[27.7763808,43.4277979],[27.8066333,43.4045836],[27.8271674,43.4064361],[27.8295808,43.3923431],[27.8261042,43.3872405],[27.8404438,43.3792986],[27.8565228,43.3621052],[27.8780413,43.3543604],[27.881996,43.3622312],[27.8906415,43.3643163],[27.901294,43.3719345],[27.9016602,43.3778755],[27.9127489,43.387439],[27.9363617,43.400938],[27.9480393,43.392284],[27.9506956,43.3957532],[27.9581939,43.3953869],[27.9971469,43.3853364],[27.9991096,43.37809],[28.0079127,43.376085],[28.0113822,43.3718107],[28.0165085,43.3547863],[28.0220935,43.3537093],[28.0204037,43.3414259],[28.051437,43.3199394],[28.0583099,43.3193606],[28.063601,43.3278407],[28.0618995,43.3354973],[28.0675717,43.3354313],[28.0679295,43.3233932],[28.0582312,43.3145308],[28.0536975,43.299986],[28.0534561,43.3026778],[28.0509731,43.3019623],[28.0440938,43.2749576],[28.0320132,43.2581511],[28.0302083,43.2474858],[28.0184846,43.2422658],[28.0136228,43.228413],[28.0154471,43.2259836],[28.0137852,43.2243644],[28.0139872,43.2264483],[28.0090794,43.2244879],[28.0107992,43.2222257],[28.003536,43.218256],[28.0051546,43.2205598],[28.0017346,43.2211845],[27.9968415,43.2179015],[27.9981476,43.2161049],[27.9969186,43.2155085],[27.9869566,43.2164115],[27.9891812,43.217533],[27.9852937,43.2195851],[27.9798238,43.216933],[27.9767223,43.2196853],[27.9669303,43.2174683],[27.9581572,43.2112675],[27.9428285,43.2108373],[27.9330925,43.2039719],[27.927173,43.205042],[27.9216063,43.1968659],[27.9219647,43.1734229],[27.9460323,43.1717152],[27.9465889,43.1649122],[27.9399607,43.1355049],[27.9309154,43.1278347],[27.9247236,43.1115082],[27.9234395,43.1003671],[27.9135542,43.074708],[27.9130517,43.0623182],[27.907887,43.0562912],[27.9017009,43.0553536],[27.8889229,43.0389742],[27.8904252,42.9981032],[27.9064661,42.9294586],[27.8963975,42.9170811],[27.9022147,42.8870454],[27.897859,42.872356],[27.9028059,42.8540442],[27.8895788,42.8531821],[27.8836435,42.8462947],[27.881795,42.838449],[27.874105,42.841532],[27.870047,42.836245],[27.849059,42.836576],[27.82818,42.829534],[27.828471,42.826389],[27.790523,42.828978],[27.742323,42.84828],[27.730913,42.850213],[27.728479,42.854248],[27.719043,42.854744],[27.717558,42.860289],[27.700637,42.868594],[27.703582,42.868765],[27.701601,42.873015],[27.707321,42.871186],[27.705761,42.873995],[27.68613,42.884136],[27.662283,42.884138],[27.623642,42.898814],[27.620533,42.895395],[27.599427,42.897171],[27.596866,42.895023],[27.599345,42.885862],[27.587172,42.883793],[27.577697,42.889627],[27.568328,42.889901],[27.566602,42.885557],[27.557045,42.888203],[27.558136,42.886141],[27.554142,42.88676],[27.555353,42.885601],[27.55609,42.884025],[27.550249,42.885836],[27.552262,42.881742],[27.554257,42.884086],[27.555442,42.880784],[27.556001,42.880703],[27.558349,42.881182],[27.559717,42.881207],[27.557021,42.879632],[27.555792,42.8805],[27.553006,42.880127],[27.551029,42.880559],[27.553224,42.880466],[27.547728,42.88524],[27.545508,42.88367],[27.54684,42.886433],[27.545655,42.886769],[27.543877,42.880954],[27.544821,42.882405],[27.545744,42.882656],[27.545416,42.880099],[27.549318,42.881575],[27.550659,42.880046],[27.545089,42.875465],[27.552574,42.875602],[27.546363,42.874079],[27.549773,42.871166],[27.545555,42.872924],[27.544609,42.870384],[27.543276,42.874094],[27.537437,42.872545],[27.523267,42.877988],[27.512953,42.875513],[27.5088,42.881236],[27.511989,42.886622],[27.509827,42.887554],[27.488955,42.883465],[27.484059,42.88952],[27.469709,42.892525],[27.454481,42.88135],[27.434786,42.881784],[27.427559,42.890425],[27.422334,42.886896],[27.411074,42.892206],[27.403632,42.904722],[27.362138,42.910302],[27.36,42.918931],[27.339109,42.934185],[27.332269,42.934558],[27.33066,42.937989],[27.312532,42.935787],[27.31358,42.944172],[27.326022,42.954606],[27.323411,42.963393],[27.295393,42.967016],[27.2874724,42.9642781],[27.28785,42.968788],[27.271063,42.975627],[27.270479,42.979666],[27.207984,42.984697],[27.172911,42.976392],[27.156433,42.968487],[27.14491,42.957728],[27.130658,42.956629],[27.126634,42.95349],[27.103909,42.956721],[27.094428,42.953899],[27.095441,42.967545],[27.071856,42.971879],[27.066957,42.981182],[27.065738,42.984252],[27.070739,42.989655],[27.067627,43.001156],[27.0707651,43.0066974]]]]}},{"type":"Feature","properties":{"slug":"blagoevgrad-oblast","name_bg":"Благоевград","name_en":"Blagoevgrad","source":"OpenStreetMap contributors, ODbL 1.0"},"geometry":{"type":"MultiPolygon","coordinates":[[[[22.8636284,42.0016037],[22.866029,42.008512],[22.87007,42.010551],[22.866042,42.022332],[22.867818,42.024471],[22.879189,42.032866],[22.883671,42.032527],[22.887429,42.026049],[22.893085,42.026712],[22.903111,42.046119],[22.912683,42.04862],[22.901244,42.060232],[22.900801,42.066107],[22.918158,42.079134],[22.927542,42.079706],[22.940523,42.0968],[22.956766,42.092379],[22.960738,42.072407],[22.975714,42.065694],[22.997878,42.063821],[23.016752,42.067997],[23.027677,42.066913],[23.025641,42.056549],[23.032693,42.05415],[23.034829,42.047057],[23.052148,42.044398],[23.052991,42.04176],[23.056366,42.042056],[23.057333,42.046678],[23.076155,42.052098],[23.077357,42.048897],[23.086979,42.050742],[23.09333,42.060598],[23.114697,42.058886],[23.133365,42.062634],[23.149535,42.07602],[23.175179,42.081763],[23.183099,42.093986],[23.19925,42.098765],[23.202821,42.094443],[23.214914,42.094554],[23.220767,42.090051],[23.234079,42.093969],[23.247179,42.090158],[23.262068,42.090901],[23.269288,42.087615],[23.269715,42.083744],[23.279996,42.081124],[23.296509,42.082512],[23.30889,42.079805],[23.319956,42.066957],[23.389543,42.060677],[23.415549,42.052281],[23.438616,42.061655],[23.455065,42.064312],[23.455884,42.068334],[23.473451,42.078288],[23.482721,42.0945],[23.489201,42.096628],[23.499797,42.09756],[23.503609,42.091699],[23.539481,42.08387],[23.556469,42.08743],[23.572348,42.085992],[23.575322,42.096093],[23.571721,42.101599],[23.577953,42.104156],[23.581807,42.112758],[23.577723,42.118669],[23.594387,42.140486],[23.593341,42.154186],[23.603176,42.156924],[23.604288,42.161742],[23.649508,42.156152],[23.648135,42.161602],[23.6544795,42.1752738],[23.673543,42.169546],[23.683339,42.169966],[23.702512,42.154614],[23.714533,42.15799],[23.739048,42.150999],[23.729963,42.165029],[23.743853,42.183606],[23.772246,42.1811946],[23.762557,42.172153],[23.761651,42.156899],[23.783794,42.147052],[23.791256,42.139462],[23.81196,42.132796],[23.811537,42.124348],[23.794416,42.121793],[23.795312,42.110959],[23.791814,42.105431],[23.803872,42.08931],[23.792337,42.079993],[23.796279,42.072134],[23.796193,42.060471],[23.792908,42.056361],[23.795656,42.052405],[23.822527,42.04316],[23.825489,42.035017],[23.81744,42.029396],[23.808041,42.028374],[23.796659,42.017818],[23.787592,42.015092],[23.781619,42.003064],[23.765295,41.997731],[23.756163,41.985673],[23.762994,41.981182],[23.759501,41.976705],[23.760732,41.972315],[23.763251,41.96459],[23.768999,41.962723],[23.769676,41.95961],[23.76073,41.94943],[23.761771,41.940635],[23.755331,41.929213],[23.768933,41.919534],[23.778065,41.903122],[23.778205,41.892796],[23.789534,41.890976],[23.777274,41.869433],[23.781382,41.862343],[23.788751,41.860941],[23.793263,41.854783],[23.788819,41.847912],[23.791791,41.84479],[23.786422,41.832384],[23.841006,41.814382],[23.849796,41.809444],[23.857483,41.797146],[23.866401,41.792476],[23.880894,41.797024],[23.894878,41.797159],[23.90613,41.785812],[23.918938,41.778702],[23.925804,41.767943],[23.939181,41.764737],[23.959553,41.747906],[23.98761,41.736332],[23.990865,41.728855],[24.002948,41.720234],[24.011321,41.722408],[24.008136,41.714376],[24.015281,41.707677],[24.024892,41.704355],[24.029199,41.698328],[24.034785,41.704843],[24.047633,41.699212],[24.049375,41.69129],[24.042496,41.686567],[24.058487,41.681278],[24.061092,41.676478],[24.065003,41.676001],[24.06733,41.668691],[24.074468,41.672734],[24.083566,41.671145],[24.106951,41.657182],[24.108634,41.646236],[24.100401,41.639047],[24.096254,41.627702],[24.08445,41.623144],[24.085377,41.613698],[24.081899,41.604754],[24.092295,41.594517],[24.111181,41.597791],[24.114878,41.595788],[24.115053,41.589844],[24.10331,41.585312],[24.08932,41.585986],[24.083593,41.582312],[24.082688,41.578125],[24.076871,41.577359],[24.07375,41.573245],[24.0702,41.551019],[24.060811,41.544607],[24.065613,41.538107],[24.06496,41.53396],[24.057405,41.529066],[24.0616396,41.5161771],[24.0595855,41.5114744],[24.0671442,41.5005993],[24.0606102,41.485434],[24.0687322,41.4824167],[24.073142,41.4664828],[24.0543489,41.4584552],[24.04662,41.4506625],[24.0387351,41.4506649],[24.0362288,41.4562717],[24.0235207,41.4557259],[24.0204925,41.4591579],[24.0211876,41.465107],[24.0166569,41.4673778],[24.0085543,41.4568168],[24.0022583,41.453654],[23.9970547,41.4558076],[23.9951727,41.449781],[23.9847092,41.4462554],[23.9818464,41.440676],[23.971895,41.4382198],[23.9526072,41.4493505],[23.9434429,41.4502742],[23.9417189,41.4616785],[23.9345044,41.4631009],[23.9328466,41.4711626],[23.914315,41.481873],[23.9092205,41.4787814],[23.910741,41.4707277],[23.9074703,41.4587261],[23.8902173,41.4500927],[23.8815025,41.4545209],[23.8688858,41.4486082],[23.8564983,41.4498466],[23.8512389,41.4399086],[23.8441613,41.4417772],[23.8229238,41.4363321],[23.8006907,41.437491],[23.789791,41.424697],[23.7894295,41.4182777],[23.7808171,41.4134345],[23.7675884,41.3960416],[23.7588126,41.4026678],[23.7306041,41.4078947],[23.6923128,41.4043128],[23.6742273,41.4107002],[23.6618694,41.3999826],[23.6480443,41.3945899],[23.6476011,41.3819757],[23.6364106,41.375509],[23.6308738,41.377548],[23.615451,41.3753699],[23.6063463,41.3799557],[23.5978257,41.3775693],[23.5883589,41.3863297],[23.5778965,41.3906189],[23.5503629,41.3865639],[23.5370833,41.3940579],[23.5338019,41.4023967],[23.5251616,41.4052184],[23.4856262,41.3990688],[23.4386691,41.4065869],[23.4197683,41.39839],[23.4020057,41.4010556],[23.395568,41.3927404],[23.3841285,41.3889341],[23.3796757,41.3829868],[23.3620849,41.3788263],[23.3531099,41.3683212],[23.3407326,41.3636145],[23.3223904,41.399702],[23.2828293,41.4002518],[23.2644844,41.3896195],[23.2585268,41.3825713],[23.2322688,41.3758431],[23.2316861,41.3711816],[23.2260142,41.3662052],[23.2313239,41.3497881],[23.220403,41.3328068],[23.1995019,41.3225985],[23.1888855,41.3226882],[23.1803836,41.3186903],[23.1622612,41.322397],[23.0997352,41.3170016],[23.0747489,41.3202904],[23.0279147,41.333932],[23.0221652,41.3304392],[23.0045415,41.3295178],[22.9832132,41.3355472],[22.973923,41.3325047],[22.9328775,41.3405313],[22.9275511,41.3384543],[22.9282524,41.3413087],[22.937606,41.341306],[22.948903,41.3517064],[22.9655541,41.3534717],[22.9621967,41.3786524],[22.966126,41.3964028],[22.9608034,41.4091817],[22.9520216,41.4174975],[22.96101,41.4290339],[22.969312,41.430915],[22.979617,41.446722],[22.9640857,41.464759],[22.9677999,41.4742594],[22.9611872,41.4772323],[22.962529,41.483536],[22.958044,41.493628],[22.969677,41.50489],[22.971085,41.516391],[22.962764,41.524861],[22.958563,41.535277],[22.960947,41.542307],[22.9702382,41.5428073],[22.969152,41.553706],[22.972982,41.562744],[22.966909,41.567424],[22.9664726,41.5775869],[22.961503,41.584552],[22.953843,41.585677],[22.951693,41.589121],[22.950754,41.606521],[22.954584,41.618849],[22.953101,41.626989],[22.948283,41.632515],[22.951532,41.642072],[22.958285,41.643941],[22.959236,41.647635],[22.983942,41.647419],[22.981397,41.655759],[22.990002,41.663188],[22.994154,41.673351],[23.00853,41.682702],[23.022461,41.702561],[23.026595,41.702394],[23.0341082,41.7094374],[23.030616,41.71782],[23.033372,41.72238],[23.021615,41.746897],[23.015585,41.750023],[23.016178,41.756707],[23.0083227,41.7691063],[23.000165,41.769551],[22.9953275,41.7664545],[22.988767,41.771241],[22.983021,41.769153],[22.973371,41.772066],[22.970381,41.769693],[22.963653,41.7742],[22.964945,41.788036],[22.955647,41.793933],[22.940918,41.816319],[22.943291,41.828013],[22.93589,41.841797],[22.937014,41.847073],[22.93133,41.850504],[22.927846,41.862193],[22.9162824,41.8767879],[22.902615,41.875782],[22.899057,41.887588],[22.901725,41.89127],[22.89695,41.897553],[22.899335,41.90391],[22.89354,41.91048],[22.894157,41.915077],[22.890852,41.919596],[22.882506,41.921996],[22.873801,41.935989],[22.878064,41.942482],[22.875098,41.944657],[22.873711,41.954674],[22.87855,41.975716],[22.873962,41.978975],[22.875661,41.996796],[22.8636284,42.0016037]]]]}},{"type":"Feature","properties":{"slug":"burgas-oblast","name_bg":"Бургас","name_en":"Burgas","source":"OpenStreetMap contributors, ODbL 1.0"},"geometry":{"type":"MultiPolygon","coordinates":[[[[26.580029,42.816102],[26.593835,42.822378],[26.596555,42.826941],[26.603147,42.828089],[26.591173,42.834143],[26.597333,42.83782],[26.596799,42.84089],[26.599004,42.839798],[26.5968853,42.8527524],[26.588559,42.860669],[26.59065,42.866655],[26.583903,42.870317],[26.58389,42.877962],[26.588327,42.881482],[26.588469,42.885668],[26.598489,42.886686],[26.597066,42.896035],[26.602578,42.904496],[26.603238,42.913133],[26.597098,42.913191],[26.589986,42.920118],[26.596133,42.927039],[26.613375,42.926919],[26.627561,42.931636],[26.633704,42.923549],[26.648672,42.927562],[26.650621,42.93079],[26.664612,42.931515],[26.669995,42.916933],[26.666951,42.915103],[26.66867,42.919759],[26.665415,42.924346],[26.656462,42.910301],[26.650547,42.906285],[26.66681,42.898922],[26.677473,42.899831],[26.682513,42.896747],[26.699986,42.905675],[26.729948,42.897975],[26.73486,42.904345],[26.758702,42.90474],[26.767601,42.917649],[26.775806,42.918323],[26.781059,42.922343],[26.783404,42.933777],[26.788047,42.935059],[26.79092,42.941121],[26.796135,42.940726],[26.796106,42.949503],[26.855667,42.939436],[26.863163,42.945602],[26.877335,42.947937],[26.885183,42.946048],[26.895809,42.949289],[26.902382,42.944941],[26.905353,42.936819],[26.910388,42.934881],[26.916756,42.935313],[26.920918,42.941061],[26.935301,42.935448],[26.953496,42.945455],[26.977781,42.942433],[26.990942,42.946691],[26.994821,42.945184],[26.993833,42.940172],[27.003331,42.932677],[27.001813,42.92689],[27.00607,42.921602],[27.007495,42.925749],[27.023747,42.927059],[27.037245,42.934761],[27.050832,42.934124],[27.079026,42.94229],[27.0910126,42.947623],[27.091753,42.953694],[27.102976,42.956661],[27.126634,42.95349],[27.130658,42.956629],[27.14491,42.957728],[27.156433,42.968487],[27.172911,42.976392],[27.207984,42.984697],[27.270479,42.979666],[27.271063,42.975627],[27.28785,42.968788],[27.2874724,42.9642781],[27.295393,42.967016],[27.323411,42.963393],[27.326022,42.954606],[27.31358,42.944172],[27.312532,42.935787],[27.33066,42.937989],[27.332269,42.934558],[27.339109,42.934185],[27.36,42.918931],[27.362138,42.910302],[27.403632,42.904722],[27.411074,42.892206],[27.422334,42.886896],[27.427559,42.890425],[27.434786,42.881784],[27.454481,42.88135],[27.469709,42.892525],[27.484059,42.88952],[27.488955,42.883465],[27.509827,42.887554],[27.511989,42.886622],[27.5088,42.881236],[27.512953,42.875513],[27.523267,42.877988],[27.537437,42.872545],[27.543276,42.874094],[27.544609,42.870384],[27.545555,42.872924],[27.549773,42.871166],[27.546363,42.874079],[27.548777,42.87426],[27.551137,42.874869],[27.552574,42.875602],[27.545089,42.875465],[27.550659,42.880046],[27.543877,42.880954],[27.545655,42.886769],[27.545508,42.88367],[27.547728,42.88524],[27.553224,42.880466],[27.551029,42.880559],[27.557021,42.879632],[27.559717,42.881207],[27.555442,42.880784],[27.554257,42.884086],[27.552262,42.881742],[27.550249,42.885836],[27.55609,42.884025],[27.554142,42.88676],[27.558136,42.886141],[27.557045,42.888203],[27.566602,42.885557],[27.568328,42.889901],[27.577697,42.889627],[27.587172,42.883793],[27.599345,42.885862],[27.596866,42.895023],[27.599427,42.897171],[27.620533,42.895395],[27.623642,42.898814],[27.662283,42.884138],[27.68613,42.884136],[27.705761,42.873995],[27.707321,42.871186],[27.701601,42.873015],[27.703582,42.868765],[27.700637,42.868594],[27.717558,42.860289],[27.719043,42.854744],[27.728479,42.854248],[27.730913,42.850213],[27.742323,42.84828],[27.790523,42.828978],[27.828471,42.826389],[27.82818,42.829534],[27.849059,42.836576],[27.870047,42.836245],[27.874105,42.841532],[27.8822987,42.8386641],[27.8867567,42.8132415],[27.9007508,42.7720447],[27.9004979,42.7666498],[27.894144,42.7624802],[27.8890206,42.7526945],[27.9009064,42.7193863],[27.9002897,42.700843],[27.893773,42.697736],[27.8798068,42.7007761],[27.8411525,42.7005137],[27.8228438,42.7047654],[27.8080044,42.7009278],[27.8037786,42.7037907],[27.7931755,42.7019857],[27.7660173,42.7056026],[27.7702888,42.706474],[27.7627673,42.7085327],[27.729582,42.7081193],[27.7165034,42.6952315],[27.7123442,42.6717354],[27.7146474,42.6665145],[27.7260831,42.6596891],[27.7375939,42.6618137],[27.741148,42.6598157],[27.7396389,42.6581214],[27.7293463,42.6543959],[27.7323017,42.6570588],[27.728609,42.6591587],[27.718635,42.65739],[27.7102603,42.6454967],[27.6997988,42.6519217],[27.6917372,42.6513498],[27.6767397,42.6356699],[27.6642661,42.6397076],[27.6537068,42.6360107],[27.6476402,42.6389259],[27.6353124,42.6252533],[27.6309865,42.6067589],[27.6335712,42.5783976],[27.6460702,42.5593382],[27.6525856,42.5560089],[27.6500263,42.5523867],[27.63899,42.551014],[27.6423031,42.5534104],[27.6374644,42.5581801],[27.6168737,42.5652693],[27.6067971,42.5634866],[27.5997161,42.5579106],[27.5941591,42.563559],[27.5844558,42.5644947],[27.5578736,42.5504942],[27.5380571,42.5592974],[27.5218961,42.5568834],[27.5178374,42.5520368],[27.5175675,42.5551617],[27.5169964,42.5526193],[27.5140483,42.5537631],[27.4985832,42.5399605],[27.4893988,42.5254716],[27.4846549,42.5084058],[27.4834907,42.4815168],[27.4796875,42.4888044],[27.4699427,42.487628],[27.4794657,42.4835399],[27.4786838,42.4762082],[27.4769873,42.4729922],[27.4787004,42.4834289],[27.4733596,42.4834629],[27.4695056,42.4767121],[27.4661453,42.4778591],[27.4680394,42.4865377],[27.4638525,42.4865707],[27.4597793,42.4812022],[27.4570373,42.4828072],[27.4595149,42.4874953],[27.45682,42.4897992],[27.4494335,42.4824747],[27.4519725,42.4816336],[27.4465838,42.4737514],[27.4471502,42.4659709],[27.456051,42.4598412],[27.4491201,42.4634544],[27.4425754,42.4618744],[27.4505493,42.4571926],[27.4537503,42.4590834],[27.4518411,42.4566833],[27.4647851,42.4498345],[27.4685664,42.4432474],[27.476598,42.4504091],[27.4718984,42.452517],[27.4794174,42.4614223],[27.4919989,42.4459351],[27.508909,42.438168],[27.5101458,42.4275308],[27.5217972,42.4301511],[27.5245846,42.4353605],[27.5317905,42.437005],[27.5283572,42.4390596],[27.531316,42.444996],[27.5395031,42.4498823],[27.5326124,42.4546317],[27.5388055,42.455691],[27.5366712,42.4572105],[27.562347,42.446516],[27.577413,42.4458231],[27.5828517,42.4486485],[27.57979,42.4540345],[27.5747254,42.4526018],[27.580099,42.454898],[27.582986,42.4619673],[27.5857535,42.4635696],[27.586547,42.458844],[27.600311,42.448249],[27.6167538,42.443868],[27.625943,42.446829],[27.6265351,42.4574613],[27.629365,42.459643],[27.6283082,42.4572957],[27.6354759,42.4518936],[27.6354135,42.4486922],[27.6517773,42.4506551],[27.6491472,42.4446501],[27.6523129,42.4435318],[27.6469701,42.4389118],[27.65387,42.4358082],[27.6519602,42.432582],[27.6560639,42.4308831],[27.6483889,42.4309123],[27.6453024,42.4240944],[27.6579061,42.4124323],[27.6762808,42.4094147],[27.6774533,42.412549],[27.6860994,42.414259],[27.6896761,42.4178688],[27.6876336,42.4201776],[27.6912895,42.4194391],[27.692935,42.4262531],[27.6897982,42.423011],[27.6849085,42.4212498],[27.6920485,42.4269758],[27.7014939,42.4258017],[27.6949252,42.420437],[27.7030858,42.4197895],[27.7000335,42.4151669],[27.705981,42.4089634],[27.712317,42.406488],[27.729071,42.410284],[27.725962,42.406427],[27.729143,42.40476],[27.725702,42.403952],[27.724829,42.400408],[27.710854,42.401031],[27.7067277,42.3952695],[27.7092897,42.3836226],[27.724108,42.378698],[27.709837,42.370516],[27.71303,42.361177],[27.725683,42.345453],[27.730337,42.344763],[27.728361,42.342978],[27.7296384,42.3373394],[27.7326375,42.3370563],[27.7331564,42.3362127],[27.7313948,42.3341667],[27.7397321,42.328039],[27.7504977,42.3261464],[27.7546822,42.3276169],[27.7535058,42.3299677],[27.7555334,42.3281004],[27.7549327,42.3323854],[27.7583391,42.3343541],[27.7641687,42.3328706],[27.7720055,42.3370118],[27.7745323,42.3330596],[27.7766691,42.3359621],[27.7845566,42.335968],[27.7812137,42.3299543],[27.7834079,42.3290013],[27.7785315,42.3256685],[27.7826102,42.3247607],[27.7715969,42.3205139],[27.781867,42.318819],[27.778685,42.313194],[27.7857862,42.312704],[27.7943236,42.3067591],[27.7863969,42.3078309],[27.779419,42.302665],[27.7690079,42.3006569],[27.773101,42.295008],[27.754788,42.2870818],[27.75795,42.271238],[27.7668825,42.2658196],[27.7537849,42.2641543],[27.7511856,42.2561709],[27.7536102,42.2488883],[27.7677644,42.2413913],[27.7719575,42.2420822],[27.7712159,42.2451814],[27.7776723,42.2434871],[27.7779623,42.2382659],[27.7842026,42.2383082],[27.7854956,42.2351666],[27.7783666,42.2335153],[27.7773146,42.2277034],[27.7825999,42.22613],[27.7892245,42.2178416],[27.7985188,42.2142973],[27.8056811,42.2169321],[27.8040984,42.2132666],[27.8179568,42.2078506],[27.8200107,42.2002223],[27.8245945,42.1972842],[27.8294957,42.199005],[27.8285301,42.1934014],[27.8411901,42.1944069],[27.8363487,42.1898104],[27.8464419,42.1863544],[27.8428745,42.1812803],[27.8520346,42.1786734],[27.8509562,42.1730254],[27.859266,42.1736401],[27.8593899,42.1696677],[27.8529687,42.1701963],[27.8520182,42.1660178],[27.8589168,42.1632285],[27.8622508,42.1657931],[27.8672799,42.1579597],[27.8743247,42.1609653],[27.872639,42.1567865],[27.8776923,42.1555637],[27.8769359,42.1478463],[27.8955767,42.1435435],[27.899713,42.138061],[27.8978765,42.1351072],[27.9033299,42.1340034],[27.9035957,42.1288714],[27.9123742,42.1258545],[27.9138061,42.1227081],[27.9082007,42.1188301],[27.9133585,42.1160274],[27.9136322,42.1110934],[27.928621,42.1017969],[27.9369384,42.1050023],[27.9434472,42.101719],[27.9462515,42.1043864],[27.9487719,42.1005477],[27.9439658,42.0985064],[27.9497235,42.0979318],[27.9545983,42.0930663],[27.9559216,42.0850659],[27.9646276,42.0831234],[27.9617739,42.0783169],[27.9672952,42.0759061],[27.9692702,42.0697609],[27.9816572,42.0626865],[27.9915252,42.0632094],[27.9902757,42.0605851],[27.993257,42.0595289],[27.987104,42.0540641],[27.9903561,42.0531386],[27.9928171,42.0460041],[28.0035264,42.0419223],[28.0029113,42.035255],[28.015149,42.0274713],[28.0102048,42.0221793],[28.0174539,42.0203222],[28.017117,42.010756],[28.020702,42.008927],[28.018629,42.0064382],[28.0325603,41.9946501],[28.0357544,41.9837213],[28.0098276,41.9787799],[27.9930408,41.980487],[27.9760647,41.9899752],[27.9760137,41.9840781],[27.9572162,41.9762019],[27.956632,41.9813796],[27.94378,41.9772299],[27.9335752,41.9848802],[27.931148,41.9785043],[27.9250741,41.9763186],[27.9216534,41.9827238],[27.9166034,41.9730005],[27.9118216,41.9727468],[27.90004,41.981769],[27.8998969,41.9918689],[27.8848464,41.9960789],[27.8790201,41.9946146],[27.8771696,41.9998969],[27.8682718,41.9997142],[27.8619015,42.0065211],[27.8580909,42.0009439],[27.8613197,41.9945849],[27.8552094,41.9909214],[27.8511272,41.9948238],[27.8568959,41.9997356],[27.8522664,42.0016484],[27.8452282,41.9906313],[27.8347074,41.9943468],[27.8311171,41.9987805],[27.8186094,41.9866092],[27.818849,41.9756527],[27.8260779,41.9742506],[27.8202856,41.9626103],[27.8260627,41.9591678],[27.8336345,41.9615757],[27.8372675,41.9547778],[27.8360475,41.9480284],[27.8262561,41.9479411],[27.8141158,41.9540991],[27.8176084,41.9451484],[27.815841,41.9426114],[27.8015173,41.9532504],[27.7930076,41.9477028],[27.7913273,41.9537603],[27.7784866,41.9537295],[27.7861328,41.9606353],[27.7846046,41.9636137],[27.7759408,41.9659498],[27.7705859,41.9596915],[27.7664136,41.9676751],[27.7504253,41.9700712],[27.7433351,41.96783],[27.7485414,41.9724945],[27.7375304,41.9798394],[27.7327071,41.9736548],[27.6964779,41.9780777],[27.6956501,41.9756436],[27.7025219,41.9759835],[27.7033614,41.9700625],[27.697732,41.9738854],[27.6841538,41.9715765],[27.6814326,41.963987],[27.6733697,41.9628435],[27.6721426,41.9563956],[27.6673292,41.9621844],[27.6586687,41.9566815],[27.6555802,41.9581881],[27.658693,41.9608085],[27.6518752,41.9622391],[27.6425788,41.9541336],[27.6391643,41.9547028],[27.6384804,41.9594264],[27.6334148,41.954607],[27.6220261,41.9588561],[27.6198274,41.9555051],[27.6296323,41.9498498],[27.623345,41.9506641],[27.6252179,41.9486007],[27.6126099,41.9385165],[27.6078954,41.9393068],[27.6094763,41.9448477],[27.6041967,41.9474373],[27.5887617,41.9313915],[27.5847911,41.9321403],[27.5876365,41.9365513],[27.5743385,41.9374709],[27.5744101,41.9325816],[27.566526,41.9238054],[27.5747839,41.9233147],[27.5765893,41.9196741],[27.5657935,41.9192365],[27.5612528,41.9152127],[27.5622038,41.9123998],[27.5716432,41.9126179],[27.5722841,41.9049128],[27.560005,41.9051269],[27.5480654,41.914584],[27.5405164,41.916179],[27.531394,41.9277128],[27.5295839,41.9373469],[27.5107947,41.9581813],[27.5044481,41.9578437],[27.5030901,41.9518825],[27.4963964,41.9544272],[27.4898604,41.951474],[27.4892984,41.9541343],[27.4677216,41.9584506],[27.4678974,41.965325],[27.4635107,41.9687886],[27.4470587,41.9670657],[27.4461478,41.9738262],[27.4389006,41.9761192],[27.4326681,41.9913064],[27.420379,41.9884736],[27.4145221,41.9908076],[27.4132037,41.999822],[27.4026485,42.0060744],[27.3936994,42.0058785],[27.3916766,42.0185463],[27.3838873,42.0215038],[27.3805873,42.0351313],[27.3742972,42.0416668],[27.3763121,42.0460686],[27.3723365,42.0468671],[27.3657044,42.057045],[27.3535336,42.0606005],[27.3360775,42.0598428],[27.3357281,42.0670331],[27.3263852,42.072312],[27.3263303,42.0800491],[27.3167018,42.0786737],[27.3118537,42.086862],[27.2999687,42.0865527],[27.293666,42.0971656],[27.2829439,42.0950268],[27.2720924,42.0978394],[27.2706222,42.1043297],[27.2524254,42.0987548],[27.2392148,42.1048008],[27.2306457,42.0991556],[27.2217625,42.0984335],[27.2164015,42.0851323],[27.2033592,42.0832776],[27.1983659,42.0787054],[27.1982209,42.0735484],[27.2031601,42.0706303],[27.20699,42.0609387],[27.200863,42.0593794],[27.1848758,42.0638865],[27.1836495,42.0700294],[27.1635644,42.0646118],[27.1527297,42.0720183],[27.1437728,42.0668413],[27.132808,42.0665466],[27.1258664,42.0767805],[27.1136141,42.0802445],[27.1087646,42.0870684],[27.0816904,42.0875862],[27.0669436,42.093398],[27.0596437,42.088287],[27.049225,42.093177],[27.046007,42.100143],[27.03023,42.098752],[27.00554,42.105138],[26.999943,42.104185],[26.997183,42.0997],[26.984151,42.100603],[26.979414,42.107121],[26.976434,42.125105],[26.97481,42.127432],[26.969793,42.126238],[26.973627,42.134667],[26.959172,42.135767],[26.955235,42.144853],[26.943049,42.144311],[26.937333,42.153355],[26.939551,42.164034],[26.934945,42.168491],[26.934152,42.180457],[26.941997,42.183474],[26.940142,42.188341],[26.971412,42.198524],[26.975198,42.2078],[26.989847,42.207169],[26.976454,42.215007],[26.958851,42.214448],[26.958163,42.218295],[26.954031,42.218618],[26.953921,42.222025],[26.949788,42.222193],[26.945154,42.227633],[26.94123,42.237698],[26.935817,42.240776],[26.945084,42.249492],[26.951433,42.26677],[26.967324,42.275592],[26.968169,42.283334],[26.940342,42.282119],[26.933891,42.288709],[26.926015,42.288959],[26.920354,42.298243],[26.909648,42.307093],[26.920162,42.319783],[26.919064,42.32774],[26.911906,42.336307],[26.917061,42.341514],[26.899966,42.347618],[26.879881,42.367064],[26.861316,42.367601],[26.867213,42.372653],[26.867932,42.376106],[26.862736,42.379685],[26.862342,42.387674],[26.868808,42.388369],[26.868418,42.394628],[26.904436,42.406637],[26.939585,42.40607],[26.95723,42.410179],[26.970376,42.419772],[26.969718,42.433095],[26.94716,42.437699],[26.947113,42.453181],[26.896019,42.450647],[26.897694,42.444367],[26.880629,42.451472],[26.880254,42.458605],[26.876867,42.458756],[26.884018,42.477557],[26.869603,42.479957],[26.873954,42.487824],[26.880053,42.490799],[26.881006,42.495892],[26.866326,42.492559],[26.854308,42.502944],[26.838676,42.507364],[26.84541,42.515972],[26.843751,42.522138],[26.835475,42.52303],[26.820251,42.532197],[26.817493,42.538953],[26.806834,42.545012],[26.809659,42.556408],[26.805474,42.561923],[26.811547,42.568348],[26.785914,42.582653],[26.79058,42.587316],[26.783841,42.588954],[26.781524,42.601324],[26.790639,42.605043],[26.782718,42.624105],[26.776309,42.622979],[26.772174,42.636904],[26.757136,42.637005],[26.756281,42.648969],[26.747822,42.648544],[26.747033,42.652723],[26.740615,42.652864],[26.744596,42.664474],[26.71843,42.674777],[26.721948,42.678789],[26.720159,42.682255],[26.714001,42.684554],[26.706358,42.694664],[26.706285,42.705273],[26.714567,42.704201],[26.715031,42.714333],[26.710068,42.712949],[26.707917,42.716398],[26.711385,42.718934],[26.710428,42.723058],[26.698432,42.718369],[26.686653,42.725493],[26.682237,42.741739],[26.686832,42.743973],[26.66832,42.744374],[26.672456,42.749704],[26.666025,42.759302],[26.653082,42.756364],[26.649165,42.761895],[26.636201,42.7656],[26.631072,42.77112],[26.607565,42.774331],[26.598078,42.779046],[26.598773,42.783286],[26.609533,42.779802],[26.611635,42.789834],[26.594463,42.800826],[26.599323,42.801588],[26.597091,42.804019],[26.60195,42.805127],[26.600683,42.807969],[26.580029,42.816102]]],[[[27.5532893,42.4681357],[27.553773,42.4672295],[27.552387,42.467012],[27.5526149,42.4682193],[27.5532893,42.4681357]]],[[[27.695287,42.437746],[27.689073,42.436019],[27.686379,42.43714],[27.692159,42.440947],[27.695287,42.437746]]],[[[27.698037,42.43881],[27.699371,42.438717],[27.699347,42.438093],[27.697412,42.437987],[27.698037,42.43881]]],[[[27.728487,42.404349],[27.728946,42.404542],[27.729221,42.404413],[27.728615,42.404096],[27.728487,42.404349]]],[[[27.729179,42.404827],[27.729311,42.405125],[27.729738,42.405016],[27.729414,42.404709],[27.729179,42.404827]]],[[[27.729326,42.404266],[27.729529,42.40448],[27.729792,42.404416],[27.729607,42.404142],[27.729326,42.404266]]],[[[27.734788,42.341781],[27.735271,42.341364],[27.732845,42.341222],[27.733487,42.341923],[27.734788,42.341781]]],[[[27.7658694,42.2901362],[27.7662976,42.2902757],[27.7652501,42.2895702],[27.7653277,42.2897363],[27.7658694,42.2901362]]],[[[27.948903,42.100334],[27.949106,42.100416],[27.949163,42.10024],[27.948999,42.100173],[27.948903,42.100334]]]]}},{"type":"Feature","properties":{"slug":"veliko-tarnovo-oblast","name_bg":"Велико Търново","name_en":"Veliko Tarnovo","source":"OpenStreetMap contributors, ODbL 1.0"},"geometry":{"type":"MultiPolygon","coordinates":[[[[25.076594,43.177783],[25.104814,43.183458],[25.111795,43.188792],[25.115248,43.198493],[25.109014,43.208257],[25.119228,43.210608],[25.11211,43.213548],[25.119049,43.214659],[25.112074,43.219217],[25.119293,43.219878],[25.118913,43.224049],[25.129372,43.229595],[25.125185,43.232901],[25.131385,43.233947],[25.13153,43.238174],[25.13555,43.238668],[25.136093,43.243],[25.150061,43.254608],[25.146918,43.257836],[25.138185,43.252395],[25.138012,43.265745],[25.140887,43.263949],[25.140399,43.266823],[25.143666,43.266509],[25.1460423,43.2754636],[25.153906,43.2769494],[25.1604317,43.2869543],[25.1764509,43.2943996],[25.1807502,43.2981917],[25.1816026,43.3040758],[25.2045527,43.3099567],[25.2287918,43.323652],[25.2384816,43.3416378],[25.2551315,43.3454668],[25.2561228,43.358006],[25.2380042,43.3597453],[25.2381008,43.3719954],[25.2215399,43.3723477],[25.2160694,43.37695],[25.1912616,43.3716747],[25.1920415,43.374396],[25.2011894,43.3754054],[25.2010116,43.3809548],[25.1954235,43.3813376],[25.1936596,43.3863857],[25.2021391,43.3876001],[25.2012515,43.4121225],[25.2126418,43.4123005],[25.2117848,43.4301698],[25.1952214,43.4380045],[25.1764189,43.4361238],[25.1770707,43.4327247],[25.1480637,43.4269913],[25.1347203,43.428541],[25.1336735,43.4251626],[25.1281339,43.4306801],[25.1300591,43.4376361],[25.1260509,43.452002],[25.1288867,43.4574823],[25.1373969,43.4567288],[25.1383885,43.4532682],[25.148349,43.4535851],[25.1479819,43.4588735],[25.1631968,43.459522],[25.1621975,43.4694451],[25.1801776,43.4727346],[25.1810016,43.4791755],[25.1918563,43.4792088],[25.1919507,43.4983749],[25.2094364,43.4982913],[25.2097977,43.5238688],[25.2220321,43.5248227],[25.23459,43.5326947],[25.2195732,43.5451179],[25.2128045,43.5432599],[25.1978782,43.5593098],[25.2019934,43.5675278],[25.1968272,43.5692738],[25.2064902,43.5799271],[25.2025101,43.580911],[25.2015319,43.5879144],[25.1735304,43.6025483],[25.1733639,43.6052413],[25.1867903,43.6061923],[25.1905584,43.6046346],[25.1890544,43.6021796],[25.1951377,43.6015372],[25.2139943,43.6160812],[25.2207041,43.6156263],[25.2140107,43.6362663],[25.208021,43.6345659],[25.2042061,43.6376348],[25.223546,43.643858],[25.2337876,43.6511234],[25.2919855,43.6528443],[25.3136091,43.6471174],[25.3678886,43.624598],[25.4010451,43.6188114],[25.44448,43.627852],[25.5025718,43.6489391],[25.5436366,43.6412426],[25.5427357,43.6365869],[25.5469728,43.6307639],[25.5528019,43.6291463],[25.5533549,43.6109457],[25.5374429,43.6115027],[25.5389399,43.6090227],[25.5264926,43.6015657],[25.5279593,43.5983785],[25.5012672,43.5895473],[25.4989872,43.5912866],[25.4936052,43.5824726],[25.4868842,43.5840892],[25.4856904,43.5801803],[25.464164,43.57786],[25.4616603,43.5697629],[25.457618,43.5708875],[25.4758621,43.5571093],[25.4685418,43.5520205],[25.4820375,43.547421],[25.4841822,43.5394871],[25.5016508,43.5359725],[25.5044468,43.5295191],[25.5176001,43.5226301],[25.505918,43.5114973],[25.5326377,43.504184],[25.5340739,43.5107053],[25.5455317,43.5104485],[25.547706,43.5168793],[25.5707281,43.5045606],[25.5636654,43.497375],[25.5612522,43.474519],[25.5652389,43.4574611],[25.5407893,43.4477438],[25.5412536,43.442904],[25.5540019,43.441489],[25.5554744,43.4363181],[25.5738681,43.4331674],[25.5848942,43.4284799],[25.5835825,43.4254212],[25.5871509,43.4268428],[25.5881258,43.4240707],[25.6032163,43.4202588],[25.606247,43.4066875],[25.6165722,43.4078974],[25.6249886,43.3983329],[25.6486352,43.3985495],[25.6482249,43.3951583],[25.6700348,43.3946432],[25.6707743,43.4000575],[25.6794121,43.4072104],[25.6767221,43.418332],[25.7056275,43.4178756],[25.7056261,43.4093155],[25.7170741,43.409367],[25.725297,43.3900627],[25.7366367,43.3842951],[25.7503893,43.3828475],[25.7493517,43.3849095],[25.7568741,43.3878814],[25.7562331,43.3834363],[25.7806004,43.3802197],[25.7878506,43.3735441],[25.8040815,43.3722811],[25.804589,43.3680066],[25.8197733,43.370534],[25.8443844,43.3686039],[25.8466972,43.3642057],[25.860134,43.3594644],[25.8739044,43.369377],[25.8791534,43.3665121],[25.8968294,43.3709811],[25.9015586,43.3780489],[25.9139249,43.3776924],[25.9182296,43.3809203],[25.9241183,43.3743521],[25.9418746,43.3802148],[25.9437843,43.3858011],[25.9443929,43.3829314],[25.9486698,43.3858952],[25.948784,43.3807101],[25.9516948,43.3810278],[25.9603315,43.370297],[25.9408658,43.3607073],[25.9441364,43.3549127],[25.9415148,43.354178],[25.9462911,43.3504815],[25.9407473,43.348085],[25.9432944,43.3365846],[25.9496148,43.330577],[25.9500132,43.326289],[25.9966683,43.3174009],[26.013098,43.3204458],[26.026183,43.3142377],[26.0329345,43.3175927],[26.0482543,43.3154864],[26.048528,43.3127759],[26.0676193,43.309044],[26.0721292,43.3034641],[26.077206,43.3038401],[26.0810238,43.2949792],[26.0961902,43.2907452],[26.096451,43.2832772],[26.081949,43.2702745],[26.0628638,43.2655383],[26.0539045,43.2554785],[26.0571829,43.2506722],[26.0733247,43.2471442],[26.0748501,43.2424681],[26.0823374,43.2442825],[26.0810344,43.2388861],[26.086419,43.2380325],[26.0844697,43.2335843],[26.0881724,43.2269499],[26.0951764,43.2251692],[26.0883165,43.2219774],[26.0922605,43.2225772],[26.0991215,43.2169643],[26.1051713,43.2179282],[26.1067679,43.2114881],[26.1151021,43.2096311],[26.1168694,43.1987702],[26.1146399,43.1893504],[26.1200363,43.1801478],[26.1131682,43.1769653],[26.1143135,43.174881],[26.1034225,43.1752186],[26.1019057,43.1701763],[26.0927341,43.1648045],[26.0720762,43.1642753],[26.0760517,43.1570088],[26.0711068,43.1522512],[26.0730441,43.1376326],[26.062567,43.135072],[26.0626732,43.1268704],[26.0586345,43.1188292],[26.0739057,43.1118502],[26.0746952,43.1067738],[26.0653782,43.1053333],[26.0589393,43.0947399],[26.0535633,43.0928488],[26.0638146,43.082126],[26.064293,43.0776138],[26.0762258,43.0739571],[26.0826063,43.0649043],[26.0782381,43.0498775],[26.0846486,43.0431171],[26.0942239,43.0420225],[26.0953758,43.0308709],[26.1207493,43.027928],[26.1231602,43.0328967],[26.1288594,43.0304931],[26.1270213,43.0227313],[26.1230989,43.0208644],[26.1245096,43.0163022],[26.1185304,43.0132091],[26.1198372,43.0108701],[26.1030362,43.0046146],[26.0867629,43.003803],[26.0747455,42.9828596],[26.0760699,42.9792541],[26.113888,42.9708047],[26.1229466,42.9710759],[26.1276257,42.9763481],[26.1357501,42.9727199],[26.1364771,42.9653792],[26.1434506,42.9618407],[26.1617907,42.9604454],[26.1673756,42.9560741],[26.164569,42.947479],[26.17196,42.938824],[26.167976,42.931156],[26.174173,42.930969],[26.164301,42.915315],[26.161116,42.9164],[26.15471,42.904253],[26.147606,42.89977],[26.140345,42.900647],[26.133076,42.896499],[26.113025,42.897369],[26.103922,42.8926],[26.09456,42.882311],[26.072951,42.87923],[26.062616,42.870712],[26.049476,42.868958],[26.05035,42.866528],[26.038642,42.870781],[26.036362,42.868708],[26.058365,42.857177],[26.065669,42.848767],[26.056678,42.836088],[26.058097,42.825762],[26.040594,42.816663],[26.019677,42.813145],[26.018572,42.806462],[26.007391,42.801142],[26.00509,42.796916],[25.983285,42.795132],[25.96452,42.782061],[25.957506,42.789072],[25.936103,42.786742],[25.927494,42.792697],[25.899082,42.789042],[25.883003,42.790843],[25.879112,42.788097],[25.878553,42.78231],[25.868189,42.78031],[25.85563,42.783623],[25.837501,42.777232],[25.816917,42.779004],[25.813757,42.78269],[25.787253,42.784325],[25.774794,42.779157],[25.738839,42.790197],[25.723313,42.789286],[25.716035,42.803887],[25.708521,42.80335],[25.698942,42.808626],[25.687967,42.806261],[25.681047,42.808123],[25.676576,42.797101],[25.659387,42.797438],[25.655238,42.791754],[25.635793,42.788802],[25.632806,42.782301],[25.620137,42.785035],[25.613346,42.786742],[25.609542,42.793113],[25.609921,42.801416],[25.594562,42.815825],[25.592022,42.821851],[25.598547,42.829161],[25.613404,42.837326],[25.61049,42.844388],[25.617333,42.852699],[25.613039,42.860387],[25.61437,42.863305],[25.607348,42.869397],[25.607663,42.879765],[25.59271,42.883774],[25.603025,42.891755],[25.606065,42.898772],[25.614179,42.898595],[25.621045,42.902459],[25.617569,42.90227],[25.616906,42.91005],[25.613578,42.909471],[25.60981,42.916827],[25.595421,42.909253],[25.578443,42.913366],[25.562718,42.911019],[25.564509,42.926728],[25.558288,42.927312],[25.553509,42.933169],[25.561967,42.940995],[25.554419,42.948614],[25.557176,42.952555],[25.552576,42.971492],[25.564604,42.975888],[25.567228,42.987721],[25.577804,42.990771],[25.579546,42.995347],[25.576827,42.997205],[25.581292,42.997644],[25.582225,43.003195],[25.585997,43.003001],[25.595218,43.014135],[25.592897,43.02076],[25.55418,43.025185],[25.554583,43.029358],[25.551467,43.03001],[25.555055,43.034458],[25.548196,43.033904],[25.545409,43.035996],[25.547625,43.039703],[25.542347,43.041885],[25.50947,43.035714],[25.489782,43.038898],[25.487922,43.041768],[25.479108,43.040985],[25.470065,43.054629],[25.472,43.056774],[25.449929,43.053143],[25.438028,43.045179],[25.416096,43.040902],[25.390421,43.045152],[25.385508,43.054638],[25.368861,43.055306],[25.369584,43.051547],[25.36455,43.051103],[25.326549,43.056884],[25.304618,43.056767],[25.303556,43.070513],[25.30805,43.071987],[25.309507,43.094449],[25.312103,43.096878],[25.311095,43.100274],[25.301713,43.102354],[25.30127,43.11021],[25.298272,43.112654],[25.290853,43.112543],[25.288015,43.108645],[25.275689,43.11007],[25.275549,43.104791],[25.264612,43.101602],[25.249123,43.100763],[25.247846,43.103872],[25.235323,43.099261],[25.242906,43.098521],[25.223038,43.096315],[25.225717,43.099447],[25.219904,43.098761],[25.182745,43.109665],[25.189599,43.116102],[25.17413,43.124043],[25.171232,43.134565],[25.172537,43.143319],[25.175608,43.145238],[25.173842,43.146758],[25.170985,43.144733],[25.166286,43.146987],[25.160485,43.140532],[25.15982,43.134954],[25.155575,43.136395],[25.154105,43.132734],[25.135069,43.132938],[25.130081,43.141834],[25.103127,43.144656],[25.098101,43.1476],[25.094619,43.145922],[25.094322,43.153744],[25.086378,43.154293],[25.086402,43.158559],[25.078761,43.160111],[25.07891,43.171314],[25.074072,43.173994],[25.076594,43.177783]]]]}},{"type":"Feature","properties":{"slug":"vidin-oblast","name_bg":"Видин","name_en":"Vidin","source":"OpenStreetMap contributors, ODbL 1.0"},"geometry":{"type":"MultiPolygon","coordinates":[[[[22.3572488,43.8131097],[22.3606083,43.823238],[22.3659898,43.8253711],[22.3795477,43.8474789],[22.388677,43.8788882],[22.389541,43.8956324],[22.394487,43.9096399],[22.3883598,43.9267242],[22.4088453,43.9396332],[22.4062688,43.9478873],[22.4113574,43.9547436],[22.4132204,43.9721088],[22.410801,43.9749812],[22.4121737,43.9798552],[22.4080398,43.9815942],[22.4086763,43.9870936],[22.4172906,43.9923615],[22.4091256,43.9972593],[22.4120093,43.9998455],[22.4094658,44.0042054],[22.4411803,44.0101948],[22.4421584,44.0165622],[22.4678115,44.0150085],[22.484587,44.0203794],[22.527498,44.019731],[22.5323264,44.0250983],[22.5387719,44.0258041],[22.5434905,44.0336474],[22.537814,44.038193],[22.5419546,44.0421447],[22.5305802,44.0482944],[22.5348783,44.0522185],[22.5544916,44.0535777],[22.559708,44.0575567],[22.580643,44.0540746],[22.5818534,44.0621001],[22.6212624,44.0633924],[22.6188086,44.0679483],[22.624591,44.0728677],[22.6154908,44.0791419],[22.6198265,44.0826482],[22.6197536,44.0977961],[22.6102943,44.1066577],[22.6203725,44.1506817],[22.6262126,44.1473267],[22.6284891,44.1579656],[22.6129712,44.1653155],[22.6163366,44.1662233],[22.6183441,44.1727818],[22.6254629,44.1708512],[22.6282435,44.1748002],[22.6361582,44.1760283],[22.6288762,44.1833621],[22.6370985,44.1817271],[22.6431126,44.1858536],[22.6367677,44.1905408],[22.6452321,44.1978149],[22.6474553,44.2039277],[22.6446272,44.2089232],[22.6546436,44.2048984],[22.6642762,44.213229],[22.6654578,44.2078951],[22.6689786,44.2071098],[22.6691623,44.2133929],[22.6759871,44.2162232],[22.6916628,44.2041204],[22.7295327,44.2009357],[22.7610081,44.1883975],[22.7804317,44.1711146],[22.8019094,44.1576706],[22.8709388,44.1330731],[22.9183066,44.1022637],[22.9537715,44.0961668],[22.9789352,44.0981417],[22.9973352,44.0958995],[23.0252023,44.0871606],[23.0471744,44.0706174],[23.0458323,44.0572042],[23.0143031,44.015269],[22.9791073,44.0067476],[22.9709815,44.0058764],[22.9699501,44.0089325],[22.9371207,44.0030452],[22.8839113,43.9852372],[22.8621879,43.9371549],[22.8654778,43.9307244],[22.8477037,43.9069802],[22.8414337,43.8774033],[22.8478152,43.8554646],[22.8689139,43.8378966],[22.9974841,43.8063807],[22.997159,43.798083],[23.004133,43.792529],[23.021577,43.792149],[23.034999,43.785689],[23.045864,43.78616],[23.041987,43.785192],[23.051288,43.777964],[23.047595,43.774199],[23.023169,43.777719],[23.017315,43.769861],[22.996904,43.780164],[22.990174,43.775972],[22.986562,43.778771],[22.971178,43.776574],[22.973183,43.770581],[22.96385,43.766138],[22.964669,43.755942],[22.974599,43.751638],[22.97949,43.755968],[22.987791,43.750276],[22.994252,43.750418],[22.99149,43.74276],[23.030564,43.74059],[23.039572,43.737523],[23.054664,43.708812],[23.058416,43.694208],[23.051132,43.69519],[23.033921,43.687154],[23.025221,43.689196],[23.024873,43.692121],[23.011828,43.69161],[23.008431,43.69024],[23.008359,43.683579],[23.003631,43.684768],[23.000431,43.680494],[22.991699,43.679801],[22.989625,43.674407],[22.993915,43.673937],[22.989097,43.669484],[22.966029,43.660978],[22.975746,43.667897],[22.972651,43.668802],[22.951339,43.658768],[22.952549,43.655578],[22.945219,43.638486],[22.947333,43.633988],[22.95286,43.635326],[22.959985,43.631479],[22.945908,43.619117],[22.951255,43.609637],[22.942221,43.602026],[22.945452,43.601804],[22.944079,43.59367],[22.949614,43.591677],[22.947918,43.588142],[22.937901,43.585511],[22.943311,43.577765],[22.922463,43.575805],[22.917319,43.571803],[22.917768,43.565676],[22.911778,43.566476],[22.897366,43.555365],[22.88847,43.553709],[22.883028,43.548409],[22.884972,43.543266],[22.880292,43.534372],[22.883046,43.533166],[22.873936,43.524108],[22.864015,43.519988],[22.859013,43.510052],[22.847968,43.509587],[22.833858,43.515954],[22.824952,43.506406],[22.823572,43.495469],[22.802781,43.504094],[22.79577,43.486253],[22.812669,43.471245],[22.81193,43.46095],[22.803098,43.447847],[22.787835,43.439932],[22.787443,43.434891],[22.775513,43.41802],[22.766065,43.413888],[22.767588,43.406804],[22.7474373,43.3866236],[22.7324242,43.3894603],[22.7220936,43.3956393],[22.6782854,43.3947264],[22.6669232,43.402738],[22.6674304,43.4092479],[22.659907,43.422568],[22.6611194,43.4260152],[22.638789,43.4333512],[22.6247941,43.4281817],[22.5976857,43.4356598],[22.5908472,43.4409101],[22.5867795,43.4525914],[22.5758563,43.4638842],[22.5539356,43.4616271],[22.5335546,43.4711817],[22.5328498,43.4791725],[22.5243021,43.4863789],[22.5241465,43.4966655],[22.5066087,43.5163518],[22.5014881,43.5292416],[22.5033659,43.5404092],[22.489972,43.5561365],[22.4876864,43.5686746],[22.4966274,43.5835588],[22.4871013,43.5912886],[22.4936044,43.6005314],[22.4881812,43.6184751],[22.4817336,43.6243883],[22.4914906,43.6337278],[22.4918274,43.6392006],[22.4780612,43.6565004],[22.4597776,43.6588845],[22.4459302,43.6664137],[22.4397329,43.673773],[22.4204129,43.681455],[22.4216707,43.6840723],[22.4079954,43.695766],[22.4048118,43.7169832],[22.3942442,43.7303626],[22.3998666,43.7379606],[22.3982405,43.750333],[22.4024547,43.7589034],[22.3952511,43.7592682],[22.3774072,43.7751902],[22.3572488,43.8131097]]]]}},{"type":"Feature","properties":{"slug":"vratsa-oblast","name_bg":"Враца","name_en":"Vratsa","source":"OpenStreetMap contributors, ODbL 1.0"},"geometry":{"type":"MultiPolygon","coordinates":[[[[23.318528,43.277685],[23.317689,43.292016],[23.324069,43.296474],[23.329297,43.295814],[23.328456,43.299118],[23.333043,43.29913],[23.331351,43.303846],[23.335122,43.303894],[23.334255,43.306513],[23.338385,43.307238],[23.340195,43.311328],[23.351132,43.312873],[23.355056,43.321104],[23.353188,43.323514],[23.359064,43.331446],[23.380381,43.340493],[23.3765135,43.3490779],[23.385908,43.372615],[23.395426,43.37136],[23.398473,43.384383],[23.413073,43.390825],[23.417402,43.38971],[23.413131,43.406729],[23.417152,43.412029],[23.415021,43.418509],[23.405916,43.424718],[23.409168,43.428561],[23.399933,43.432745],[23.404424,43.44048],[23.397332,43.444314],[23.406691,43.453687],[23.414628,43.456238],[23.410548,43.460231],[23.419523,43.471607],[23.427229,43.472823],[23.435168,43.491011],[23.440029,43.489893],[23.445928,43.50291],[23.453036,43.49951],[23.465471,43.511588],[23.481113,43.507537],[23.478477,43.505633],[23.492916,43.49638],[23.490953,43.493551],[23.511588,43.48573],[23.543406,43.497883],[23.548291,43.495814],[23.552759,43.488098],[23.568272,43.493995],[23.566569,43.497948],[23.562122,43.498792],[23.562754,43.504716],[23.570645,43.505825],[23.571307,43.512663],[23.57689,43.513196],[23.575339,43.517028],[23.582244,43.518425],[23.584536,43.522245],[23.603636,43.520426],[23.601793,43.522649],[23.628469,43.515557],[23.636919,43.522481],[23.631747,43.524905],[23.639607,43.531289],[23.612946,43.543347],[23.615433,43.546407],[23.601399,43.552493],[23.591966,43.549302],[23.587485,43.5567],[23.58371,43.555037],[23.570207,43.564972],[23.544973,43.574476],[23.556096,43.594781],[23.549142,43.59953],[23.554156,43.606768],[23.564671,43.614781],[23.571214,43.614001],[23.568307,43.616961],[23.574792,43.615993],[23.577569,43.620642],[23.580853,43.619758],[23.588356,43.632322],[23.579894,43.635006],[23.590431,43.652538],[23.583947,43.654594],[23.59171,43.667607],[23.598676,43.665378],[23.620579,43.711307],[23.632569,43.70817],[23.631875,43.731975],[23.625435,43.768894],[23.6281616,43.7913736],[23.6923063,43.8062334],[23.7550807,43.802478],[23.7537989,43.7978624],[23.7653001,43.7858677],[23.8102434,43.7736986],[23.8559464,43.7558901],[23.888558,43.7480507],[23.9324713,43.7449174],[23.9900152,43.7455402],[24.0338695,43.7290805],[24.0841019,43.7029787],[24.1238308,43.6981697],[24.1684413,43.6850127],[24.1963294,43.6835711],[24.3027103,43.6986085],[24.3235415,43.6976189],[24.313397,43.660752],[24.301745,43.645239],[24.27667,43.652753],[24.268371,43.640172],[24.261383,43.64109],[24.260068,43.636704],[24.26608,43.634616],[24.265765,43.633247],[24.206765,43.646813],[24.168088,43.602942],[24.158364,43.606576],[24.157197,43.603694],[24.141878,43.606416],[24.126986,43.595252],[24.087476,43.614382],[24.072597,43.599633],[24.054278,43.609421],[24.038136,43.609022],[24.043374,43.601844],[24.027882,43.605038],[24.001801,43.541791],[23.992686,43.543623],[23.986844,43.531668],[23.997044,43.529126],[23.995469,43.525899],[24.001272,43.524615],[24.013045,43.48366],[24.021198,43.484362],[24.018198,43.472938],[24.050375,43.46699],[24.051203,43.463891],[24.061987,43.460803],[24.059534,43.456327],[24.072988,43.452467],[24.072904,43.448918],[24.051392,43.434766],[24.054714,43.43371],[24.048076,43.42134],[24.037874,43.418479],[24.03536,43.41379],[24.028224,43.413777],[24.023682,43.407322],[24.020158,43.409036],[24.01755,43.400267],[24.007646,43.391992],[24.000593,43.395727],[23.993886,43.383436],[23.995115,43.363825],[23.966528,43.35885],[23.964144,43.355648],[23.965459,43.345522],[23.957171,43.341589],[23.967283,43.315226],[23.966839,43.305245],[23.973376,43.295309],[23.968358,43.287055],[23.95166,43.276233],[23.953349,43.272471],[23.964463,43.268294],[23.962357,43.265853],[23.968483,43.257493],[23.959237,43.243687],[23.966565,43.240213],[23.956182,43.228392],[23.962776,43.226624],[23.963359,43.222172],[23.968939,43.221771],[23.96856,43.226077],[23.975035,43.222829],[23.988399,43.224902],[23.997007,43.214386],[24.006856,43.214087],[24.015458,43.208936],[24.01716,43.21177],[24.02279,43.207319],[24.032301,43.205764],[24.029569,43.201775],[24.033106,43.194319],[24.018554,43.178509],[24.026418,43.172444],[24.02915,43.165569],[24.023605,43.156835],[24.025067,43.147452],[24.015943,43.137454],[24.024175,43.130559],[24.019818,43.124613],[24.028666,43.113213],[24.028503,43.10846],[24.020752,43.109942],[24.020419,43.107163],[24.000881,43.103704],[23.988563,43.110093],[23.963748,43.115887],[23.961371,43.111797],[23.965113,43.109892],[23.961708,43.1082],[23.959356,43.095211],[23.97134,43.081252],[23.971717,43.061949],[23.967482,43.057562],[23.961238,43.056649],[23.965738,43.038247],[23.963528,43.032536],[23.953542,43.026721],[23.950906,43.02854],[23.949076,43.025827],[23.938852,43.02538],[23.928533,43.027944],[23.924677,43.030362],[23.928785,43.03642],[23.925088,43.040803],[23.910706,43.045134],[23.886675,43.046014],[23.877645,43.055028],[23.872868,43.048071],[23.865465,43.047529],[23.839288,43.049398],[23.82803,43.053515],[23.811595,43.051149],[23.812848,43.056234],[23.803379,43.066801],[23.765734,43.067109],[23.75913,43.067895],[23.760826,43.069846],[23.757249,43.071053],[23.748433,43.064045],[23.745718,43.056593],[23.741084,43.055458],[23.742924,43.054229],[23.728972,43.048684],[23.723054,43.040285],[23.718712,43.040328],[23.716999,43.036165],[23.697858,43.026292],[23.689287,43.027373],[23.680945,43.033234],[23.667049,43.034677],[23.653441,43.044328],[23.647518,43.04524],[23.639152,43.053149],[23.639267,43.058001],[23.626185,43.05805],[23.627933,43.054855],[23.624205,43.05575],[23.620189,43.049222],[23.592945,43.036501],[23.590092,43.027428],[23.580004,43.01857],[23.576381,43.00425],[23.566563,42.993907],[23.56138,43.000624],[23.543448,43.005094],[23.537513,43.013177],[23.527458,43.014699],[23.517428,43.024447],[23.522321,43.023214],[23.520674,43.036492],[23.5154296,43.0443328],[23.5022605,43.0483255],[23.494264,43.063172],[23.492288,43.073709],[23.489209,43.075668],[23.473919,43.071847],[23.47082,43.080345],[23.472371,43.084246],[23.464984,43.090793],[23.451759,43.095852],[23.454727,43.104063],[23.461086,43.106768],[23.454899,43.108626],[23.458222,43.118562],[23.48638,43.135405],[23.477799,43.144729],[23.478144,43.151172],[23.471473,43.155073],[23.455776,43.153008],[23.442612,43.157719],[23.440522,43.150175],[23.424408,43.15253],[23.410425,43.163271],[23.410637,43.167495],[23.395233,43.167603],[23.389241,43.177603],[23.393137,43.186557],[23.398524,43.187499],[23.400668,43.196222],[23.411486,43.202824],[23.448035,43.206311],[23.451296,43.207822],[23.449486,43.211429],[23.454915,43.214734],[23.462138,43.21179],[23.460469,43.214237],[23.472635,43.225769],[23.450517,43.234837],[23.448461,43.236612],[23.45059,43.239474],[23.442054,43.242654],[23.43756,43.249088],[23.430666,43.249076],[23.411665,43.25813],[23.367247,43.256303],[23.3460649,43.2641672],[23.338334,43.272987],[23.331906,43.274241],[23.329752,43.269379],[23.318816,43.273983],[23.318528,43.277685]]]]}},{"type":"Feature","properties":{"slug":"gabrovo-oblast","name_bg":"Габрово","name_en":"Gabrovo","source":"OpenStreetMap contributors, ODbL 1.0"},"geometry":{"type":"MultiPolygon","coordinates":[[[[24.8680781,42.9684489],[24.873785,42.972641],[24.868746,42.975373],[24.871579,42.976831],[24.873308,42.985857],[24.870039,42.994284],[24.875412,42.994846],[24.870146,42.999805],[24.87501,42.99972],[24.876667,43.006741],[24.879352,43.006908],[24.876234,43.010051],[24.878038,43.015593],[24.883312,43.017055],[24.889265,43.013944],[24.897448,43.020158],[24.901841,43.019312],[24.899812,43.021713],[24.921429,43.019818],[24.923978,43.025445],[24.931225,43.026112],[24.931837,43.023896],[24.937538,43.028893],[24.945725,43.02806],[24.944817,43.030052],[24.951545,43.03119],[24.951592,43.035561],[24.933389,43.038189],[24.930098,43.041206],[24.935952,43.043682],[24.936625,43.050014],[24.941959,43.051655],[24.940517,43.054167],[24.935931,43.05318],[24.936116,43.056454],[24.927731,43.057278],[24.918207,43.067167],[24.923477,43.068805],[24.922661,43.073195],[24.925918,43.076362],[24.92207,43.081247],[24.925473,43.08489],[24.916896,43.091042],[24.921539,43.090138],[24.922749,43.098823],[24.928191,43.101827],[24.918219,43.104666],[24.924236,43.11063],[24.927542,43.109734],[24.927858,43.114087],[24.944948,43.115095],[24.948361,43.119065],[24.95685,43.117867],[24.967579,43.122271],[24.963775,43.128004],[24.972376,43.136151],[24.9729,43.154662],[24.963063,43.16436],[24.961604,43.170126],[24.965141,43.1723],[24.961147,43.177204],[24.96436,43.182466],[24.955954,43.184477],[24.959402,43.193296],[24.972462,43.189938],[24.977558,43.193865],[24.986763,43.19389],[24.991492,43.190693],[24.991011,43.192182],[24.993679,43.193965],[24.99549,43.190184],[25.004774,43.190535],[25.004121,43.186976],[25.012373,43.186301],[25.0134,43.181139],[25.02466,43.181186],[25.025505,43.178085],[25.076594,43.177783],[25.074072,43.173994],[25.07891,43.171314],[25.078761,43.160111],[25.086402,43.158559],[25.086378,43.154293],[25.094322,43.153744],[25.094619,43.145922],[25.098101,43.1476],[25.103127,43.144656],[25.130081,43.141834],[25.135069,43.132938],[25.154105,43.132734],[25.155575,43.136395],[25.15982,43.134954],[25.160485,43.140532],[25.166286,43.146987],[25.170985,43.144733],[25.173842,43.146758],[25.175608,43.145238],[25.172537,43.143319],[25.171232,43.134565],[25.17413,43.124043],[25.189599,43.116102],[25.182745,43.109665],[25.219904,43.098761],[25.225717,43.099447],[25.223038,43.096315],[25.242906,43.098521],[25.235323,43.099261],[25.247846,43.103872],[25.249123,43.100763],[25.264612,43.101602],[25.275549,43.104791],[25.275689,43.11007],[25.288015,43.108645],[25.290853,43.112543],[25.298272,43.112654],[25.30127,43.11021],[25.301713,43.102354],[25.311095,43.100274],[25.312103,43.096878],[25.309507,43.094449],[25.30805,43.071987],[25.303556,43.070513],[25.304618,43.056767],[25.326549,43.056884],[25.36455,43.051103],[25.369584,43.051547],[25.368861,43.055306],[25.385508,43.054638],[25.390421,43.045152],[25.416096,43.040902],[25.438028,43.045179],[25.449929,43.053143],[25.472,43.056774],[25.470065,43.054629],[25.479108,43.040985],[25.487922,43.041768],[25.489782,43.038898],[25.50947,43.035714],[25.542347,43.041885],[25.547625,43.039703],[25.545409,43.035996],[25.548196,43.033904],[25.555055,43.034458],[25.551467,43.03001],[25.554583,43.029358],[25.55418,43.025185],[25.592897,43.02076],[25.595218,43.014135],[25.585997,43.003001],[25.582225,43.003195],[25.581292,42.997644],[25.576827,42.997205],[25.579546,42.995347],[25.577804,42.990771],[25.567228,42.987721],[25.564604,42.975888],[25.552576,42.971492],[25.557176,42.952555],[25.554419,42.948614],[25.561967,42.940995],[25.553509,42.933169],[25.558288,42.927312],[25.564509,42.926728],[25.562718,42.911019],[25.578443,42.913366],[25.595421,42.909253],[25.60981,42.916827],[25.613578,42.909471],[25.616906,42.91005],[25.617569,42.90227],[25.621045,42.902459],[25.614179,42.898595],[25.606065,42.898772],[25.603025,42.891755],[25.59271,42.883774],[25.607663,42.879765],[25.607348,42.869397],[25.61437,42.863305],[25.613039,42.860387],[25.617333,42.852699],[25.61049,42.844388],[25.613404,42.837326],[25.598547,42.829161],[25.592026,42.821473],[25.609921,42.801416],[25.60963,42.792825],[25.614955,42.78681],[25.606329,42.782427],[25.603364,42.772562],[25.60986,42.768717],[25.62921,42.766512],[25.634241,42.758676],[25.618284,42.757501],[25.609243,42.750707],[25.619225,42.748026],[25.616479,42.745583],[25.609165,42.748481],[25.607521,42.74575],[25.586671,42.754943],[25.570417,42.770223],[25.563053,42.761235],[25.553521,42.762151],[25.544387,42.753141],[25.527948,42.762535],[25.512186,42.766221],[25.503679,42.766025],[25.475066,42.754855],[25.468454,42.764564],[25.452125,42.761553],[25.442992,42.763821],[25.4346032,42.7611909],[25.434462,42.748895],[25.42415,42.740156],[25.423206,42.734443],[25.417735,42.733672],[25.403362,42.743442],[25.390087,42.738782],[25.371915,42.741491],[25.362316,42.735487],[25.357846,42.740372],[25.343533,42.743178],[25.341451,42.749332],[25.32458,42.750652],[25.317589,42.757336],[25.291153,42.754523],[25.282456,42.750156],[25.280859,42.758061],[25.275139,42.763942],[25.267482,42.764847],[25.249363,42.742592],[25.244069,42.743986],[25.240167,42.749865],[25.225912,42.749237],[25.224477,42.762475],[25.221385,42.768368],[25.211649,42.774735],[25.210254,42.780951],[25.179003,42.789409],[25.172087,42.781572],[25.160779,42.778661],[25.154517,42.770315],[25.147031,42.769132],[25.134814,42.759947],[25.117983,42.757635],[25.1042,42.759633],[25.098998,42.750967],[25.091044,42.750559],[25.078057,42.742705],[25.07016,42.746766],[25.049618,42.748513],[25.0425,42.75207],[25.038675,42.76022],[25.031061,42.761707],[25.025169,42.751448],[25.014512,42.748038],[25.016286,42.765697],[25.0134412,42.7649041],[25.013081,42.767632],[25.018779,42.7706],[25.020331,42.778008],[25.007773,42.786399],[25.010223,42.79106],[25.007669,42.808917],[25.002616,42.815118],[24.998925,42.814281],[24.991029,42.820477],[24.987456,42.826591],[24.988221,42.832719],[24.981312,42.834048],[24.979081,42.844701],[24.98131,42.852254],[24.977235,42.854845],[24.96626,42.854284],[24.962508,42.858382],[24.962581,42.862555],[24.967286,42.864067],[24.963324,42.87399],[24.967664,42.877352],[24.952541,42.878386],[24.941034,42.884681],[24.932277,42.878448],[24.906261,42.874851],[24.906506,42.879376],[24.901358,42.882],[24.902077,42.885949],[24.89445,42.88904],[24.890274,42.89535],[24.883579,42.896541],[24.88218,42.900983],[24.884893,42.904362],[24.879532,42.907102],[24.879532,42.91372],[24.88559,42.921542],[24.8887,42.932534],[24.875483,42.943613],[24.869802,42.943246],[24.873537,42.949251],[24.8680781,42.9684489]]]]}},{"type":"Feature","properties":{"slug":"dobrich-oblast","name_bg":"Добрич","name_en":"Dobrich","source":"OpenStreetMap contributors, ODbL 1.0"},"geometry":{"type":"MultiPolygon","coordinates":[[[[27.1996895,43.7048991],[27.2093634,43.7144235],[27.2096062,43.7212007],[27.2025461,43.7270799],[27.210707,43.7292072],[27.2086889,43.7401194],[27.2122246,43.7476169],[27.2216481,43.7538235],[27.2272201,43.7482653],[27.2339117,43.7481386],[27.2306124,43.7516057],[27.235831,43.7538765],[27.2330825,43.7582488],[27.238075,43.762575],[27.2332926,43.7637069],[27.2462488,43.7653691],[27.2475852,43.7745348],[27.2584798,43.772218],[27.2543592,43.7772724],[27.2555473,43.7802996],[27.2680267,43.7795363],[27.265227,43.7836843],[27.2703358,43.7931206],[27.280136,43.795197],[27.2777891,43.7999911],[27.2899427,43.7988028],[27.2949227,43.8055866],[27.3177972,43.8035338],[27.3169706,43.8078213],[27.3248069,43.8128529],[27.3399862,43.8135496],[27.3445323,43.8172729],[27.3517562,43.8155353],[27.3513616,43.8120908],[27.3343337,43.8095995],[27.3255385,43.811668],[27.3191009,43.8076148],[27.3517961,43.8056869],[27.3528695,43.8145274],[27.3734382,43.8188245],[27.373036,43.8154357],[27.3784006,43.8246514],[27.3835371,43.8239452],[27.383541,43.8299454],[27.3956273,43.8442862],[27.39533,43.8531821],[27.4060226,43.8542816],[27.4188859,43.8478408],[27.4444751,43.8596548],[27.444507,43.8659747],[27.4516985,43.8714021],[27.4545996,43.8696323],[27.4526364,43.8656653],[27.4599749,43.8636761],[27.4601226,43.8599131],[27.4680058,43.8603737],[27.4726976,43.8468441],[27.4813002,43.8478145],[27.4853072,43.8396063],[27.5040663,43.8392947],[27.5009508,43.8452193],[27.5125343,43.8504608],[27.5160473,43.8472015],[27.5245482,43.8495708],[27.5244608,43.8561604],[27.520731,43.8570605],[27.5218485,43.8645869],[27.5333256,43.8645005],[27.5227183,43.872976],[27.5403684,43.8824495],[27.5313015,43.8889506],[27.5299069,43.8990066],[27.5377173,43.8996709],[27.5373659,43.9045621],[27.5414922,43.9050411],[27.5432372,43.9184584],[27.5667276,43.9160266],[27.5726864,43.9125833],[27.595761,43.8925622],[27.5927751,43.8896549],[27.6012308,43.8970634],[27.6199326,43.8970207],[27.6159627,43.9022506],[27.6289026,43.906392],[27.6317474,43.9179814],[27.6198065,43.918984],[27.6155937,43.92508],[27.6249577,43.9334089],[27.6292154,43.9320881],[27.6294141,43.9264447],[27.631697,43.9267725],[27.6414284,43.9366312],[27.6368727,43.9434207],[27.653929,43.9497324],[27.6416258,43.9687949],[27.6585681,43.9793962],[27.6955887,43.9873828],[27.710088,43.959394],[27.737841,43.953552],[27.754344,43.958389],[27.843543,43.96633],[27.916809,44.008275],[27.9442117,43.9847328],[27.954174,43.940072],[27.976502,43.900797],[27.99436,43.84291],[28.115854,43.797211],[28.236223,43.758491],[28.348681,43.752234],[28.4465076,43.7337302],[28.5789531,43.7387206],[28.5725089,43.7240006],[28.5781313,43.708339],[28.5767749,43.7007711],[28.5664787,43.6963825],[28.5630833,43.6877631],[28.5681746,43.6545398],[28.5789855,43.6366439],[28.572432,43.6287701],[28.5742097,43.6183077],[28.5700172,43.6146972],[28.5679673,43.6005322],[28.5776484,43.5794632],[28.6034391,43.5528691],[28.6049387,43.5446078],[28.6092563,43.541708],[28.6053469,43.5379343],[28.6013189,43.5229566],[28.6030935,43.5206577],[28.5966405,43.5144703],[28.5976306,43.5108472],[28.587995,43.5002759],[28.5803906,43.4831748],[28.5634613,43.4646459],[28.556854,43.4500394],[28.5451778,43.4358708],[28.5294995,43.4235254],[28.5142956,43.4144179],[28.4982504,43.4111549],[28.4808648,43.3903723],[28.4702437,43.3824],[28.4656702,43.3604389],[28.4603439,43.3732793],[28.4504814,43.3806993],[28.4158708,43.3873336],[28.3879065,43.4043823],[28.356142,43.4109573],[28.3584015,43.4113234],[28.3557504,43.4133996],[28.3494222,43.4101038],[28.3341082,43.416009],[28.3084488,43.4182263],[28.256014,43.4086499],[28.2481267,43.4031652],[28.2374572,43.4051437],[28.223352,43.3993316],[28.1946625,43.3975625],[28.1765958,43.3973123],[28.1711295,43.4030892],[28.163885,43.4004705],[28.1685095,43.403719],[28.1649513,43.4052406],[28.153639,43.4050889],[28.090769,43.3746788],[28.0675717,43.3354313],[28.0618995,43.3354973],[28.063601,43.3278407],[28.0567778,43.3192401],[28.051437,43.3199394],[28.0204037,43.3414259],[28.0220935,43.3537093],[28.0165085,43.3547863],[28.0113822,43.3718107],[28.0079127,43.376085],[27.9991096,43.37809],[27.9971469,43.3853364],[27.9581939,43.3953869],[27.9506956,43.3957532],[27.9480393,43.392284],[27.9365874,43.400899],[27.9127489,43.387439],[27.9016602,43.3778755],[27.901294,43.3719345],[27.8906415,43.3643163],[27.881996,43.3622312],[27.8780413,43.3543604],[27.8565228,43.3621052],[27.8404438,43.3792986],[27.8261042,43.3872405],[27.8295808,43.3923431],[27.8271674,43.4064361],[27.8066333,43.4045836],[27.7763808,43.4277979],[27.7679446,43.4324567],[27.7581243,43.4323995],[27.7406802,43.4528599],[27.7272755,43.4604213],[27.7208733,43.4718495],[27.7107754,43.4753216],[27.7043371,43.4738799],[27.7012869,43.479803],[27.6923603,43.4808825],[27.6752972,43.475778],[27.6461615,43.4841009],[27.6359663,43.4933495],[27.6440949,43.4983137],[27.6437991,43.5032543],[27.6347605,43.5105544],[27.6363676,43.5151739],[27.6161866,43.5266025],[27.5923519,43.5333746],[27.5886557,43.5255625],[27.5884863,43.514016],[27.5805579,43.5124227],[27.5804604,43.5043033],[27.5756828,43.5064394],[27.5674781,43.5003859],[27.5601418,43.5012618],[27.5602684,43.4966279],[27.553146,43.4992079],[27.5404407,43.4951522],[27.548114,43.4886104],[27.5385103,43.4940801],[27.5259067,43.4927102],[27.5259305,43.4952583],[27.5076904,43.4971039],[27.4891838,43.5100775],[27.4884782,43.5208687],[27.4930097,43.5220244],[27.4898485,43.5316573],[27.4930353,43.5418509],[27.4866358,43.5470477],[27.4741628,43.5697657],[27.4525633,43.5765764],[27.4455047,43.5868779],[27.4397108,43.5845139],[27.4294299,43.6002926],[27.4359515,43.603538],[27.4339512,43.6085371],[27.4142418,43.6017954],[27.4071116,43.613536],[27.3894612,43.6114044],[27.3876892,43.6073868],[27.3029185,43.5897857],[27.3001013,43.6113329],[27.2950778,43.6235234],[27.2696242,43.6388225],[27.2763752,43.6427912],[27.2713185,43.6464195],[27.2382928,43.6437892],[27.2248368,43.6469541],[27.2137866,43.6541934],[27.2102214,43.6608912],[27.2064293,43.6611331],[27.2195798,43.6646366],[27.2333144,43.6635211],[27.2338741,43.6786312],[27.2238984,43.6905029],[27.2157177,43.6920566],[27.2083488,43.697355],[27.2060295,43.7037722],[27.1996895,43.7048991]]]]}},{"type":"Feature","properties":{"slug":"kardzhali-oblast","name_bg":"Кърджали","name_en":"Kardzhali","source":"OpenStreetMap contributors, ODbL 1.0"},"geometry":{"type":"MultiPolygon","coordinates":[[[[25.008203,41.58634],[25.013051,41.59099],[25.017985,41.58726],[25.023783,41.590965],[25.040006,41.587995],[25.050243,41.58951],[25.053232,41.596847],[25.05883,41.594252],[25.057774,41.599862],[25.065223,41.59751],[25.062958,41.602107],[25.071284,41.60335],[25.078457,41.611086],[25.089552,41.611422],[25.090913,41.61688],[25.094026,41.612985],[25.098028,41.617158],[25.095602,41.621424],[25.099255,41.620904],[25.094,41.63707],[25.085365,41.641109],[25.091401,41.658415],[25.082007,41.675911],[25.089187,41.681449],[25.077203,41.684793],[25.080749,41.695595],[25.074973,41.700584],[25.07305,41.712599],[25.068375,41.716157],[25.077935,41.727106],[25.069745,41.733855],[25.069211,41.739743],[25.058298,41.73639],[25.052339,41.742749],[25.051176,41.759122],[25.055708,41.773027],[25.073607,41.793595],[25.079511,41.792456],[25.081621,41.787969],[25.085546,41.793363],[25.09435,41.796682],[25.118689,41.799608],[25.10684,41.810571],[25.108175,41.818377],[25.117189,41.827271],[25.130925,41.828602],[25.142889,41.834694],[25.147622,41.843877],[25.143273,41.870021],[25.172159,41.875938],[25.182674,41.886348],[25.181883,41.89493],[25.188879,41.899671],[25.209419,41.901535],[25.21815,41.895593],[25.215846,41.893342],[25.217147,41.879789],[25.213754,41.877703],[25.217036,41.868404],[25.225101,41.864501],[25.227078,41.858559],[25.237974,41.85601],[25.237082,41.852795],[25.24087,41.850038],[25.23435,41.848839],[25.230663,41.836867],[25.242165,41.831091],[25.254974,41.833943],[25.252061,41.828761],[25.254551,41.826648],[25.270635,41.818977],[25.275428,41.819085],[25.275873,41.821682],[25.277598,41.817817],[25.284552,41.815443],[25.292511,41.802164],[25.295658,41.80335],[25.300775,41.798886],[25.304346,41.800214],[25.303915,41.807099],[25.313289,41.811369],[25.31502,41.819812],[25.312872,41.822827],[25.321584,41.824783],[25.330614,41.816202],[25.345831,41.8186],[25.356904,41.827706],[25.346719,41.830404],[25.355116,41.831888],[25.352445,41.836996],[25.358248,41.838984],[25.356348,41.841711],[25.37113,41.84318],[25.384653,41.830335],[25.384531,41.819464],[25.381975,41.818471],[25.387762,41.808685],[25.392194,41.807332],[25.391968,41.799948],[25.40389,41.793757],[25.406763,41.789007],[25.414049,41.788003],[25.42008,41.794293],[25.434732,41.790613],[25.444087,41.793539],[25.452459,41.789216],[25.45336,41.781923],[25.458306,41.785077],[25.469714,41.770917],[25.476733,41.76941],[25.483927,41.762316],[25.495658,41.768742],[25.510574,41.769425],[25.517644,41.767668],[25.515676,41.763868],[25.519435,41.757922],[25.528172,41.756402],[25.534226,41.759889],[25.540882,41.75223],[25.54621,41.758801],[25.562788,41.755825],[25.5912,41.761739],[25.587758,41.752277],[25.589698,41.749019],[25.598619,41.744878],[25.602697,41.746578],[25.606517,41.740447],[25.631997,41.731401],[25.631977,41.715781],[25.635744,41.710926],[25.632148,41.706896],[25.646404,41.690283],[25.641941,41.675274],[25.632995,41.662379],[25.603086,41.643459],[25.604693,41.634255],[25.599559,41.624923],[25.603627,41.622401],[25.622602,41.624225],[25.642982,41.620423],[25.644673,41.614623],[25.640863,41.611634],[25.649161,41.608437],[25.672503,41.624427],[25.680083,41.624555],[25.697164,41.620745],[25.704344,41.614625],[25.707494,41.618481],[25.715542,41.610161],[25.744177,41.622293],[25.747756,41.636773],[25.762013,41.653329],[25.774097,41.656987],[25.780139,41.652885],[25.792737,41.659965],[25.80029,41.650244],[25.802849,41.653086],[25.809619,41.650318],[25.82299,41.652595],[25.83561,41.6479],[25.831091,41.637495],[25.835091,41.630812],[25.82518,41.626535],[25.825001,41.623186],[25.834082,41.624371],[25.840253,41.612882],[25.831388,41.601877],[25.827993,41.603411],[25.806158,41.589045],[25.794978,41.583992],[25.78694,41.585884],[25.791152,41.578722],[25.780895,41.552128],[25.786857,41.543709],[25.784766,41.539507],[25.778415,41.542393],[25.773739,41.538651],[25.759822,41.544925],[25.76079,41.539071],[25.755145,41.536851],[25.764817,41.524005],[25.790574,41.518289],[25.794545,41.509856],[25.793454,41.505617],[25.798846,41.505027],[25.799375,41.509432],[25.812265,41.505444],[25.813543,41.498911],[25.821652,41.496298],[25.824798,41.48477],[25.834553,41.478184],[25.838564,41.477105],[25.847772,41.484159],[25.846884,41.48156],[25.854026,41.479511],[25.853507,41.475153],[25.86112,41.475872],[25.864318,41.468386],[25.86837,41.468898],[25.855753,41.462741],[25.856357,41.458406],[25.852252,41.452795],[25.841529,41.453086],[25.834057,41.445941],[25.836901,41.440369],[25.830884,41.436222],[25.824916,41.441311],[25.819476,41.435928],[25.820041,41.429726],[25.823621,41.428141],[25.819937,41.426566],[25.820304,41.414333],[25.830915,41.408522],[25.835846,41.396373],[25.843357,41.398442],[25.868953,41.392522],[25.894357,41.395069],[25.895536,41.390731],[25.90534,41.386101],[25.919645,41.389832],[25.915534,41.381772],[25.90356,41.372137],[25.904639,41.369601],[25.909519,41.366156],[25.939823,41.372297],[25.945041,41.370473],[25.938382,41.36873],[25.933278,41.358401],[25.944135,41.350237],[25.945144,41.345348],[25.940796,41.338094],[25.945386,41.337246],[25.943342,41.332649],[25.946375,41.328821],[25.956553,41.330505],[25.9478134,41.3197545],[25.9351818,41.3209838],[25.9294827,41.3150747],[25.9194766,41.3141252],[25.9098277,41.3084317],[25.8842351,41.3043519],[25.8685623,41.3127971],[25.8730611,41.3206308],[25.8727139,41.3280006],[25.854277,41.3274241],[25.8462123,41.3373349],[25.822061,41.3480908],[25.8172676,41.3379718],[25.8062165,41.3372289],[25.7999651,41.3323596],[25.7891468,41.3328249],[25.7811421,41.3209804],[25.7694303,41.3195423],[25.7628973,41.3245869],[25.7574388,41.3188603],[25.7516087,41.3196393],[25.7445432,41.3150228],[25.7402399,41.3188838],[25.719581,41.3172784],[25.7118698,41.3021657],[25.7144504,41.2927482],[25.7116951,41.2910167],[25.7021019,41.2924003],[25.6964549,41.2958731],[25.6946787,41.3013574],[25.6834782,41.3068368],[25.6642413,41.3087213],[25.6581929,41.3145609],[25.6474739,41.3142382],[25.6245614,41.304042],[25.6141354,41.3037551],[25.5860659,41.3099944],[25.5861671,41.3137446],[25.5745316,41.3190948],[25.5605076,41.3191728],[25.5452481,41.3102474],[25.543706,41.3021494],[25.5349658,41.2912248],[25.5320871,41.2783951],[25.5257395,41.276122],[25.5166426,41.2835105],[25.4748785,41.2885154],[25.4698521,41.2826101],[25.460911,41.2834736],[25.4419241,41.2755468],[25.4315541,41.2750457],[25.4293003,41.2646212],[25.4162237,41.2663521],[25.4108488,41.2618791],[25.403502,41.2626666],[25.3858566,41.2561724],[25.3666046,41.2600002],[25.3557479,41.2503384],[25.3416831,41.2479826],[25.3368268,41.2407176],[25.2959321,41.2449685],[25.2883011,41.2354864],[25.2833632,41.2354706],[25.2657494,41.2442717],[25.2387117,41.2453359],[25.2314533,41.2479654],[25.2334525,41.2542887],[25.223254,41.2647085],[25.2255603,41.2689561],[25.2224322,41.2792669],[25.2144055,41.283063],[25.209093,41.2917846],[25.2000333,41.2919329],[25.1972696,41.2960864],[25.1903361,41.2945873],[25.1789204,41.3020323],[25.1816165,41.3079098],[25.1778398,41.314317],[25.1792158,41.321063],[25.1587038,41.332622],[25.1582078,41.33711],[25.1359558,41.340623],[25.1269938,41.347122],[25.1299578,41.348907],[25.1268528,41.352032],[25.1293048,41.357059],[25.1406338,41.360153],[25.1418828,41.37478],[25.1535258,41.376795],[25.1610078,41.385615],[25.1580548,41.387882],[25.157504,41.402655],[25.151711,41.403166],[25.155474,41.413638],[25.1678,41.413197],[25.177104,41.419665],[25.167751,41.423022],[25.166128,41.429848],[25.168384,41.432933],[25.175784,41.430973],[25.175606,41.436262],[25.165253,41.438426],[25.152172,41.434632],[25.146863,41.436882],[25.165366,41.458114],[25.164248,41.467023],[25.172668,41.484348],[25.167553,41.491338],[25.166878,41.499438],[25.153563,41.502619],[25.142171,41.514757],[25.130581,41.514409],[25.123552,41.519836],[25.103586,41.526664],[25.090429,41.516545],[25.08301,41.505855],[25.084839,41.503107],[25.079383,41.500474],[25.08316,41.497084],[25.080836,41.491005],[25.060382,41.48958],[25.05187,41.497466],[25.049775,41.506627],[25.032526,41.515215],[25.021114,41.52505],[25.025416,41.526926],[25.021646,41.537526],[25.025134,41.539966],[25.021819,41.553475],[24.999109,41.567292],[25.006981,41.570952],[25.009105,41.580746],[25.003091,41.583667],[25.008203,41.58634]]]]}},{"type":"Feature","properties":{"slug":"kyustendil-oblast","name_bg":"Кюстендил","name_en":"Kyustendil","source":"OpenStreetMap contributors, ODbL 1.0"},"geometry":{"type":"MultiPolygon","coordinates":[[[[22.3598357,42.3119368],[22.3658272,42.3239612],[22.3696819,42.321682],[22.3864986,42.3229828],[22.38835,42.3254788],[22.4012262,42.3263779],[22.4037691,42.3325981],[22.4154879,42.3293098],[22.4236317,42.3338483],[22.43229,42.3230289],[22.455478,42.333594],[22.463305,42.344932],[22.4595336,42.362013],[22.4685722,42.3711346],[22.4692709,42.3760155],[22.4805903,42.380254],[22.4779664,42.3941461],[22.5082272,42.3973512],[22.5137727,42.3947071],[22.5211422,42.3978089],[22.5228654,42.4127259],[22.5353083,42.4211906],[22.5354874,42.4313628],[22.5439752,42.4487386],[22.5405169,42.4539969],[22.54389,42.4634986],[22.559255,42.4802659],[22.5474379,42.5072564],[22.5242658,42.5252434],[22.5135769,42.5270307],[22.4989431,42.5354795],[22.492172,42.5462485],[22.4773214,42.5538698],[22.4706337,42.5621263],[22.4515822,42.5669359],[22.4393073,42.5651663],[22.4405538,42.5885609],[22.449781,42.5951588],[22.4513952,42.6121294],[22.4586264,42.6221447],[22.4583632,42.6311885],[22.4648771,42.6325167],[22.4676083,42.6407615],[22.4538749,42.6464371],[22.463224,42.64893],[22.471706,42.641608],[22.474054,42.644647],[22.496696,42.645585],[22.499592,42.643802],[22.497992,42.639133],[22.50041,42.635581],[22.5103,42.633875],[22.517843,42.623999],[22.52625,42.624827],[22.528429,42.622317],[22.5385328,42.6305249],[22.542948,42.624667],[22.561265,42.629868],[22.56431,42.624948],[22.575476,42.631901],[22.576776,42.637805],[22.582985,42.638672],[22.592977,42.630791],[22.607774,42.604966],[22.604323,42.591259],[22.614702,42.570456],[22.625215,42.567315],[22.628586,42.556411],[22.642115,42.556736],[22.642921,42.552692],[22.652869,42.548419],[22.654076,42.545105],[22.649727,42.541319],[22.653845,42.526607],[22.651497,42.524044],[22.663084,42.518097],[22.671448,42.523219],[22.683225,42.521961],[22.695195,42.511694],[22.70469,42.51679],[22.710781,42.509055],[22.706711,42.502707],[22.711772,42.496307],[22.711526,42.483765],[22.707144,42.48071],[22.69883,42.4834],[22.695699,42.476629],[22.71716,42.469153],[22.72931,42.460768],[22.731,42.436418],[22.743406,42.432027],[22.74288,42.429387],[22.747656,42.427377],[22.744952,42.428189],[22.743876,42.427355],[22.748518,42.426053],[22.750753,42.414235],[22.754888,42.419381],[22.762261,42.420053],[22.769978,42.417077],[22.770449,42.413325],[22.790206,42.415662],[22.796258,42.407841],[22.797156,42.395499],[22.810146,42.386894],[22.805784,42.375943],[22.837228,42.374316],[22.840863,42.36703],[22.854652,42.364481],[22.872075,42.367853],[22.875668,42.373958],[22.902085,42.360663],[22.906768,42.364116],[22.913778,42.387545],[22.934881,42.389746],[22.944487,42.397226],[22.949878,42.396816],[22.94973,42.399647],[22.970228,42.390232],[22.973677,42.392046],[22.976345,42.388451],[22.991939,42.404297],[23.006656,42.405197],[23.004839,42.396248],[23.014947,42.39105],[23.027079,42.391269],[23.028755,42.384692],[23.036647,42.37603],[23.060693,42.380347],[23.081037,42.367154],[23.09147,42.370899],[23.092732,42.377244],[23.089391,42.381068],[23.093314,42.393349],[23.106148,42.404588],[23.109005,42.410809],[23.125768,42.400973],[23.120565,42.394415],[23.124918,42.387703],[23.131266,42.384815],[23.131399,42.379449],[23.149794,42.377698],[23.156656,42.381863],[23.165652,42.381525],[23.172778,42.370135],[23.169343,42.36514],[23.193577,42.364951],[23.221251,42.377207],[23.243307,42.37962],[23.255663,42.37636],[23.252264,42.368323],[23.259866,42.359128],[23.27733,42.364508],[23.28851,42.373806],[23.293582,42.37326],[23.308122,42.359236],[23.3138268,42.3583413],[23.311729,42.352172],[23.31391,42.344336],[23.319599,42.342585],[23.321577,42.335305],[23.312743,42.325715],[23.315996,42.319059],[23.336532,42.310095],[23.338145,42.304087],[23.347672,42.29657],[23.386289,42.283413],[23.382179,42.277991],[23.382467,42.272162],[23.386428,42.265637],[23.388056,42.2514],[23.393689,42.245423],[23.393424,42.243173],[23.381477,42.242813],[23.374854,42.249103],[23.354097,42.244118],[23.351211,42.239165],[23.351964,42.228462],[23.332155,42.215118],[23.326362,42.207706],[23.316817,42.191675],[23.3153678,42.1787444],[23.335018,42.1668631],[23.3608193,42.1708133],[23.3688699,42.168046],[23.403178,42.175693],[23.4088768,42.1822105],[23.4210174,42.182238],[23.4357916,42.1874802],[23.4451713,42.1856515],[23.4519861,42.1742825],[23.4566249,42.1513687],[23.4636673,42.1526491],[23.489816,42.1445017],[23.5022677,42.1471446],[23.5149505,42.141967],[23.5294648,42.127036],[23.5243899,42.115283],[23.5199108,42.1120325],[23.5082573,42.1137393],[23.5011775,42.1089145],[23.495484,42.097184],[23.482721,42.0945],[23.473451,42.078288],[23.455884,42.068334],[23.455065,42.064312],[23.438616,42.061655],[23.415305,42.05226],[23.389543,42.060677],[23.319956,42.066957],[23.30889,42.079805],[23.296509,42.082512],[23.279996,42.081124],[23.269715,42.083744],[23.269288,42.087615],[23.262068,42.090901],[23.247179,42.090158],[23.234079,42.093969],[23.220767,42.090051],[23.214914,42.094554],[23.202821,42.094443],[23.19925,42.098765],[23.183099,42.093986],[23.175179,42.081763],[23.149535,42.07602],[23.133365,42.062634],[23.114697,42.058886],[23.09333,42.060598],[23.086979,42.050742],[23.077357,42.048897],[23.076155,42.052098],[23.057333,42.046678],[23.056366,42.042056],[23.052991,42.04176],[23.052148,42.044398],[23.034829,42.047057],[23.032693,42.05415],[23.025641,42.056549],[23.027677,42.066913],[23.016752,42.067997],[22.997878,42.063821],[22.975714,42.065694],[22.960738,42.072407],[22.956766,42.092379],[22.940523,42.0968],[22.927542,42.079706],[22.918158,42.079134],[22.900801,42.066107],[22.901244,42.060232],[22.912847,42.049031],[22.903111,42.046119],[22.893085,42.026712],[22.887429,42.026049],[22.883671,42.032527],[22.879189,42.032866],[22.867124,42.022226],[22.852351,42.025162],[22.8321896,42.0208838],[22.8151711,42.0284635],[22.8045492,42.0430789],[22.799167,42.045787],[22.7922484,42.0380608],[22.7786611,42.0370238],[22.749945,42.046769],[22.742087,42.044397],[22.734383,42.046973],[22.728081,42.058155],[22.718308,42.063722],[22.716726,42.06825],[22.692626,42.062659],[22.679078,42.063663],[22.6505408,42.0766233],[22.643048,42.085524],[22.6299618,42.0937664],[22.6002673,42.0979112],[22.5899869,42.1102442],[22.5846235,42.1084281],[22.567229,42.1168829],[22.5481421,42.1346583],[22.5289761,42.1391764],[22.5242187,42.1470164],[22.5126645,42.1527639],[22.5182368,42.1578178],[22.5057556,42.1695379],[22.501498,42.19534],[22.486325,42.201243],[22.46899,42.200971],[22.467563,42.209512],[22.448714,42.23621],[22.450345,42.242042],[22.4395759,42.2479405],[22.4400339,42.2524878],[22.434183,42.257994],[22.4250689,42.2554824],[22.4240084,42.2637806],[22.417391,42.265132],[22.402045,42.280471],[22.399627,42.284891],[22.401934,42.289951],[22.3890131,42.2946657],[22.387853,42.299854],[22.3782986,42.3090004],[22.367751,42.308067],[22.3598357,42.3119368]]]]}},{"type":"Feature","properties":{"slug":"lovech-oblast","name_bg":"Ловеч","name_en":"Lovech","source":"OpenStreetMap contributors, ODbL 1.0"},"geometry":{"type":"MultiPolygon","coordinates":[[[[23.971717,43.061949],[23.97134,43.081252],[23.959356,43.095211],[23.961708,43.1082],[23.965113,43.109892],[23.961371,43.111797],[23.963748,43.115887],[23.988563,43.110093],[24.000881,43.103704],[24.020419,43.107163],[24.020752,43.109942],[24.028586,43.10866],[24.028666,43.113213],[24.019818,43.124613],[24.024175,43.130559],[24.015943,43.137454],[24.025942,43.149765],[24.023605,43.156835],[24.029192,43.166962],[24.018537,43.178407],[24.033106,43.194319],[24.030299,43.203871],[24.048322,43.212546],[24.055065,43.206055],[24.05949,43.209345],[24.075681,43.20171],[24.077362,43.206241],[24.072639,43.212773],[24.050924,43.217259],[24.053297,43.223151],[24.061653,43.225137],[24.070146,43.2228],[24.071181,43.227011],[24.084999,43.236037],[24.09244,43.229845],[24.136082,43.247831],[24.145878,43.245718],[24.160896,43.235308],[24.192485,43.239537],[24.196242,43.23357],[24.230319,43.226099],[24.229957,43.229807],[24.233348,43.230027],[24.254825,43.2238645],[24.262441,43.226281],[24.264024,43.231564],[24.280955,43.237555],[24.297991,43.239543],[24.304818,43.236047],[24.305487,43.240647],[24.311304,43.240715],[24.318941,43.252233],[24.3233,43.250831],[24.331261,43.261217],[24.369935,43.27073],[24.37616,43.276936],[24.384097,43.278346],[24.396209,43.271107],[24.395289,43.266154],[24.389201,43.260944],[24.391562,43.255525],[24.399657,43.256367],[24.428313,43.248285],[24.428153,43.23084],[24.435788,43.228497],[24.43424,43.225009],[24.439125,43.222382],[24.438031,43.22036],[24.461044,43.216422],[24.469374,43.22648],[24.481846,43.23092],[24.489519,43.223578],[24.498366,43.223533],[24.528648,43.211296],[24.535324,43.21342],[24.544155,43.209877],[24.574559,43.208991],[24.580575,43.203057],[24.600231,43.210397],[24.602837,43.214855],[24.61924,43.217085],[24.620341,43.22044],[24.627506,43.223268],[24.638418,43.222828],[24.631248,43.225315],[24.62975,43.231444],[24.641209,43.236687],[24.638538,43.238448],[24.643392,43.240023],[24.64439,43.246965],[24.648542,43.245785],[24.656258,43.251534],[24.653172,43.279268],[24.668288,43.26399],[24.669388,43.251227],[24.682642,43.250583],[24.687734,43.258105],[24.683543,43.267068],[24.685915,43.274891],[24.696049,43.273615],[24.69397,43.275749],[24.715756,43.28228],[24.714912,43.28695],[24.729406,43.288485],[24.728184,43.294276],[24.740628,43.295598],[24.741975,43.304667],[24.754485,43.305195],[24.754802,43.313114],[24.805941,43.314306],[24.81161,43.317224],[24.833066,43.306926],[24.832555,43.303631],[24.886214,43.302422],[24.885614,43.297622],[24.904366,43.297574],[24.903993,43.287891],[24.913992,43.287211],[24.915508,43.290529],[24.934893,43.293778],[24.93127,43.305729],[24.945424,43.305643],[24.94535,43.29614],[24.977022,43.295948],[24.97935,43.317841],[24.98855,43.318324],[24.988517,43.325106],[25.02485,43.320055],[25.033227,43.325915],[25.033098,43.332963],[25.021647,43.332182],[25.02192,43.347826],[25.033313,43.349481],[25.032902,43.360454],[25.019317,43.361539],[25.01953,43.378205],[25.024763,43.380091],[25.052742,43.377717],[25.049673,43.35885],[25.059297,43.358032],[25.081592,43.314657],[25.084638,43.303146],[25.092752,43.302831],[25.098138,43.298456],[25.099465,43.286103],[25.105901,43.28659],[25.108313,43.283326],[25.10706,43.286615],[25.118369,43.285687],[25.114595,43.269184],[25.128583,43.269686],[25.129926,43.276664],[25.138712,43.27696],[25.140909,43.264079],[25.138012,43.265745],[25.138218,43.252248],[25.146918,43.257836],[25.150061,43.254608],[25.136093,43.243],[25.13555,43.238668],[25.13153,43.238174],[25.131385,43.233947],[25.125185,43.232901],[25.129372,43.229595],[25.118913,43.224049],[25.119293,43.219878],[25.112074,43.219217],[25.119049,43.214659],[25.1135,43.215019],[25.11211,43.213548],[25.119228,43.210608],[25.109145,43.208518],[25.115264,43.198363],[25.111795,43.188792],[25.104814,43.183458],[25.073934,43.177493],[25.032098,43.180043],[25.025505,43.178085],[25.02466,43.181186],[25.0134,43.181139],[25.012373,43.186301],[25.004121,43.186976],[25.004774,43.190535],[24.99549,43.190184],[24.993679,43.193965],[24.991492,43.190693],[24.986763,43.19389],[24.977558,43.193865],[24.972462,43.189938],[24.959402,43.193296],[24.955954,43.184477],[24.96436,43.182466],[24.961147,43.177204],[24.965141,43.1723],[24.961604,43.170126],[24.963063,43.16436],[24.9729,43.154662],[24.972376,43.136151],[24.963775,43.128004],[24.967579,43.122271],[24.95685,43.117867],[24.948361,43.119065],[24.944948,43.115095],[24.927858,43.114087],[24.927542,43.109734],[24.924236,43.11063],[24.918219,43.104666],[24.928191,43.101827],[24.922749,43.098823],[24.921539,43.090138],[24.916896,43.091042],[24.925473,43.08489],[24.92207,43.081247],[24.925918,43.076362],[24.922661,43.073195],[24.923477,43.068805],[24.918207,43.067167],[24.927731,43.057278],[24.936116,43.056454],[24.935931,43.05318],[24.940517,43.054167],[24.941959,43.051655],[24.936625,43.050014],[24.935952,43.043682],[24.930098,43.041206],[24.933389,43.038189],[24.951592,43.035561],[24.951545,43.03119],[24.944817,43.030052],[24.945725,43.02806],[24.937538,43.028893],[24.931837,43.023896],[24.931225,43.026112],[24.923978,43.025445],[24.921429,43.019818],[24.900549,43.021774],[24.901841,43.019312],[24.897448,43.020158],[24.889265,43.013944],[24.880523,43.016622],[24.876331,43.010905],[24.879352,43.006908],[24.876667,43.006741],[24.87501,42.99972],[24.870146,42.999805],[24.875412,42.994846],[24.870039,42.994284],[24.873308,42.985857],[24.871579,42.976831],[24.868746,42.975373],[24.873785,42.972641],[24.867624,42.96772],[24.873537,42.949251],[24.869802,42.943246],[24.875483,42.943613],[24.8887,42.932534],[24.88559,42.921542],[24.879532,42.91372],[24.879532,42.907102],[24.884893,42.904362],[24.88218,42.900983],[24.883579,42.896541],[24.890274,42.89535],[24.89445,42.88904],[24.902077,42.885949],[24.901558,42.881592],[24.909231,42.874126],[24.933845,42.878934],[24.941034,42.884681],[24.952541,42.878386],[24.967507,42.877551],[24.962963,42.872402],[24.967267,42.86381],[24.962581,42.862555],[24.962508,42.858382],[24.96626,42.854284],[24.977235,42.854845],[24.98131,42.852254],[24.979081,42.844701],[24.981312,42.834048],[24.988221,42.832719],[24.987456,42.826591],[24.991029,42.820477],[24.998925,42.814281],[25.002616,42.815118],[25.007669,42.808917],[25.010223,42.79106],[25.007773,42.786399],[25.02055,42.777123],[25.0095424,42.759037],[25.0011787,42.7593618],[24.9978773,42.7540296],[25.0016816,42.752702],[25.0049045,42.7556108],[25.0124142,42.7522095],[25.0155493,42.754716],[25.0144451,42.7467731],[24.9967646,42.7476702],[24.9953096,42.751834],[24.9903725,42.7532855],[24.9877152,42.7511498],[24.9934203,42.7506478],[24.9806415,42.7485751],[24.9851794,42.7476426],[24.9852221,42.744453],[24.9902629,42.7471956],[25.0033757,42.7457973],[25.0081796,42.7379163],[24.9956277,42.7393917],[24.9637064,42.7318619],[24.9464495,42.7238746],[24.9372857,42.7300979],[24.9271413,42.7302853],[24.9213315,42.7271826],[24.9150284,42.7163353],[24.8813506,42.7247465],[24.849181,42.719092],[24.835272,42.72815],[24.812738,42.721537],[24.790231,42.724684],[24.781087,42.720487],[24.779894,42.715448],[24.75784,42.708945],[24.708847,42.718023],[24.699682,42.716027],[24.674893,42.725347],[24.673271,42.731019],[24.664254,42.733862],[24.659733,42.745603],[24.647077,42.752257],[24.640724,42.769469],[24.629696,42.772509],[24.621985,42.778478],[24.613863,42.776835],[24.578567,42.789626],[24.561499,42.792176],[24.557843,42.788663],[24.546745,42.787441],[24.54184,42.789911],[24.530511,42.786995],[24.511494,42.793077],[24.494499,42.793717],[24.480985,42.780728],[24.479881,42.777108],[24.485569,42.767528],[24.483877,42.764242],[24.463726,42.74997],[24.450296,42.749004],[24.425485,42.754464],[24.418833,42.751241],[24.4046021,42.7525148],[24.3786648,42.7480925],[24.354624,42.754869],[24.335554,42.749982],[24.322855,42.76001],[24.290166,42.772169],[24.250142,42.775906],[24.233858,42.766902],[24.190745,42.762618],[24.138127,42.776193],[24.129605,42.774265],[24.1279078,42.7827691],[24.148487,42.787089],[24.154713,42.799143],[24.169733,42.800428],[24.202447,42.813951],[24.203012,42.820788],[24.191468,42.821529],[24.17297,42.813345],[24.167467,42.816381],[24.167882,42.827891],[24.181569,42.827969],[24.192381,42.834082],[24.168713,42.841729],[24.174622,42.845576],[24.165908,42.855219],[24.171268,42.86013],[24.168204,42.866173],[24.172569,42.870295],[24.169565,42.873448],[24.176313,42.877878],[24.169866,42.88677],[24.17663,42.901024],[24.171635,42.900783],[24.172776,42.90856],[24.15969,42.914343],[24.159755,42.917691],[24.169654,42.917998],[24.165286,42.92971],[24.154673,42.934526],[24.143067,42.931382],[24.135908,42.934135],[24.131064,42.929516],[24.115678,42.937401],[24.115003,42.934378],[24.105611,42.937241],[24.102519,42.942632],[24.089494,42.940934],[24.091509,42.948884],[24.086911,42.949288],[24.084646,42.953963],[24.08655,42.956386],[24.073792,42.957109],[24.062171,42.964769],[24.065307,42.96684],[24.064421,42.976306],[24.067887,42.977553],[24.0654803,42.9813764],[24.077096,42.984924],[24.068008,42.989076],[24.068793,42.9952],[24.066328,42.996568],[24.068482,42.999271],[24.058962,43.001886],[24.058489,43.014533],[24.054847,43.021316],[24.041476,43.031],[24.046359,43.028971],[24.043952,43.036521],[24.047218,43.046917],[24.04397,43.059976],[24.016803,43.064692],[24.003677,43.051539],[23.998622,43.051155],[23.981382,43.054485],[23.971717,43.061949]]]]}},{"type":"Feature","properties":{"slug":"montana-oblast","name_bg":"Монтана","name_en":"Montana","source":"OpenStreetMap contributors, ODbL 1.0"},"geometry":{"type":"MultiPolygon","coordinates":[[[[22.7474373,43.3866236],[22.767588,43.406804],[22.766065,43.413888],[22.775513,43.41802],[22.787443,43.434891],[22.787835,43.439932],[22.803098,43.447847],[22.81193,43.46095],[22.812669,43.471245],[22.79577,43.486253],[22.802781,43.504094],[22.823572,43.495469],[22.824952,43.506406],[22.833858,43.515954],[22.847968,43.509587],[22.859013,43.510052],[22.864015,43.519988],[22.873936,43.524108],[22.883046,43.533166],[22.880292,43.534372],[22.884972,43.543266],[22.883028,43.548409],[22.88847,43.553709],[22.897366,43.555365],[22.911778,43.566476],[22.917768,43.565676],[22.917319,43.571803],[22.922463,43.575805],[22.943311,43.577765],[22.937901,43.585511],[22.947918,43.588142],[22.949614,43.591677],[22.944079,43.59367],[22.945452,43.601804],[22.942221,43.602026],[22.951255,43.609637],[22.945908,43.619117],[22.959985,43.631479],[22.95286,43.635326],[22.947333,43.633988],[22.945219,43.638486],[22.952549,43.655578],[22.951339,43.658768],[22.972651,43.668802],[22.975746,43.667897],[22.966029,43.660978],[22.989097,43.669484],[22.993915,43.673937],[22.989625,43.674407],[22.991699,43.679801],[23.000431,43.680494],[23.003631,43.684768],[23.008359,43.683579],[23.008431,43.69024],[23.011828,43.69161],[23.024873,43.692121],[23.025221,43.689196],[23.033921,43.687154],[23.051132,43.69519],[23.058416,43.694208],[23.054664,43.708812],[23.039572,43.737523],[23.030564,43.74059],[22.99149,43.74276],[22.994252,43.750418],[22.987791,43.750276],[22.97949,43.755968],[22.974599,43.751638],[22.964669,43.755942],[22.96385,43.766138],[22.973183,43.770581],[22.971178,43.776574],[22.986562,43.778771],[22.990174,43.775972],[22.996904,43.780164],[23.017315,43.769861],[23.023169,43.777719],[23.047314,43.774074],[23.051288,43.777964],[23.041987,43.785192],[23.045928,43.785996],[23.043333,43.787222],[23.035845,43.785552],[23.023329,43.791864],[23.001649,43.793671],[22.997159,43.798083],[22.9974841,43.8063807],[23.0334836,43.8040889],[23.0579534,43.7970931],[23.0839944,43.8011791],[23.1305069,43.8024858],[23.1773914,43.8219951],[23.2173836,43.8333659],[23.2414377,43.8364112],[23.2642208,43.8459162],[23.3409476,43.8531443],[23.3778916,43.8489905],[23.4272933,43.8540263],[23.4841988,43.8381283],[23.5112591,43.8377528],[23.552591,43.812607],[23.592171,43.802727],[23.6072138,43.7927404],[23.6281616,43.7913736],[23.625435,43.768894],[23.631875,43.731975],[23.632569,43.70817],[23.620579,43.711307],[23.598676,43.665378],[23.59171,43.667607],[23.583947,43.654594],[23.590431,43.652538],[23.579894,43.635006],[23.588356,43.632322],[23.580853,43.619758],[23.577569,43.620642],[23.574792,43.615993],[23.568307,43.616961],[23.571214,43.614001],[23.564671,43.614781],[23.554156,43.606768],[23.549142,43.59953],[23.556096,43.594781],[23.544973,43.574476],[23.570207,43.564972],[23.58371,43.555037],[23.587485,43.5567],[23.591966,43.549302],[23.601399,43.552493],[23.615433,43.546407],[23.612946,43.543347],[23.639607,43.531289],[23.631747,43.524905],[23.636919,43.522481],[23.628469,43.515557],[23.601793,43.522649],[23.603636,43.520426],[23.584536,43.522245],[23.582244,43.518425],[23.575339,43.517028],[23.57689,43.513196],[23.571307,43.512663],[23.570645,43.505825],[23.562754,43.504716],[23.562122,43.498792],[23.566569,43.497948],[23.568272,43.493995],[23.552759,43.488098],[23.548291,43.495814],[23.543406,43.497883],[23.511588,43.48573],[23.490953,43.493551],[23.492916,43.49638],[23.478477,43.505633],[23.481113,43.507537],[23.465471,43.511588],[23.453036,43.49951],[23.445928,43.50291],[23.440029,43.489893],[23.435168,43.491011],[23.427229,43.472823],[23.419523,43.471607],[23.410548,43.460231],[23.414628,43.456238],[23.406691,43.453687],[23.397332,43.444314],[23.404424,43.44048],[23.399933,43.432745],[23.409168,43.428561],[23.405916,43.424718],[23.415021,43.418509],[23.417152,43.412029],[23.413131,43.406729],[23.417402,43.38971],[23.413073,43.390825],[23.398473,43.384383],[23.395426,43.37136],[23.385908,43.372615],[23.3765135,43.3490779],[23.380381,43.340493],[23.359064,43.331446],[23.353188,43.323514],[23.355056,43.321104],[23.351132,43.312873],[23.340195,43.311328],[23.338385,43.307238],[23.334255,43.306513],[23.335122,43.303894],[23.331351,43.303846],[23.333043,43.29913],[23.328456,43.299118],[23.329297,43.295814],[23.324069,43.296474],[23.317429,43.291549],[23.319675,43.273505],[23.330344,43.269423],[23.333842,43.274873],[23.3460649,43.2641672],[23.367247,43.256303],[23.411665,43.25813],[23.430666,43.249076],[23.43756,43.249088],[23.442054,43.242654],[23.45059,43.239474],[23.448461,43.236612],[23.450517,43.234837],[23.472868,43.22548],[23.460469,43.214237],[23.462138,43.21179],[23.45514,43.21481],[23.447035,43.205945],[23.412659,43.203206],[23.400863,43.196441],[23.398524,43.187499],[23.393137,43.186557],[23.389241,43.177603],[23.395233,43.167603],[23.410637,43.167495],[23.409479,43.164838],[23.413888,43.160888],[23.400544,43.157809],[23.390183,43.160602],[23.386666,43.15936],[23.388064,43.155771],[23.368344,43.15316],[23.363482,43.156536],[23.345456,43.15819],[23.342592,43.154667],[23.338317,43.15883],[23.325557,43.156565],[23.3219265,43.1587985],[23.317574,43.137717],[23.304429,43.126668],[23.2899342,43.1211542],[23.256814,43.130869],[23.247684,43.129459],[23.241816,43.122117],[23.247551,43.115475],[23.243293,43.111771],[23.235413,43.11458],[23.229269,43.111283],[23.211619,43.115436],[23.20403,43.113111],[23.191565,43.118171],[23.188689,43.112121],[23.164406,43.109332],[23.143218,43.111435],[23.124522,43.118804],[23.112959,43.115294],[23.107404,43.109908],[23.106603,43.126043],[23.092525,43.136003],[23.088797,43.147247],[23.073404,43.156414],[23.070625,43.163306],[23.062969,43.169442],[23.045366,43.169673],[23.04311,43.184242],[23.019008,43.199844],[23.0043256,43.1924122],[22.9829361,43.2026232],[22.9613668,43.206875],[22.941201,43.2025273],[22.9203315,43.2185475],[22.8963501,43.226793],[22.896243,43.2307843],[22.8705051,43.2546332],[22.8689751,43.2674027],[22.8589003,43.2743349],[22.8485697,43.2754559],[22.8423097,43.2864012],[22.8454668,43.2967191],[22.8376944,43.302018],[22.8370333,43.307024],[22.8310229,43.3123105],[22.8277107,43.3288764],[22.8137916,43.3370646],[22.7962441,43.3417739],[22.785376,43.3549028],[22.7699459,43.3636137],[22.7679648,43.3766277],[22.7474373,43.3866236]]]]}},{"type":"Feature","properties":{"slug":"pazardzhik-oblast","name_bg":"Пазарджик","name_en":"Pazardzhik","source":"OpenStreetMap contributors, ODbL 1.0"},"geometry":{"type":"MultiPolygon","coordinates":[[[[23.758719,41.934227],[23.762153,41.94286],[23.76073,41.94943],[23.769676,41.95961],[23.763098,41.964925],[23.759501,41.976705],[23.762994,41.981182],[23.756162,41.985537],[23.757524,41.989293],[23.768349,41.99954],[23.781619,42.003064],[23.787592,42.015092],[23.796659,42.017818],[23.808041,42.028374],[23.81744,42.029396],[23.825489,42.035017],[23.822527,42.04316],[23.795656,42.052405],[23.792908,42.056361],[23.796193,42.060471],[23.796279,42.072134],[23.792337,42.079993],[23.803872,42.08931],[23.791814,42.105431],[23.795312,42.110959],[23.794416,42.121793],[23.811537,42.124348],[23.81196,42.132796],[23.791256,42.139462],[23.783794,42.147052],[23.761651,42.156899],[23.762557,42.172153],[23.772246,42.1811946],[23.7792698,42.1817867],[23.7959462,42.1966058],[23.8007189,42.1975964],[23.806026,42.20633],[23.840409,42.209616],[23.845382,42.226409],[23.852019,42.2240077],[23.859703,42.232211],[23.866466,42.231745],[23.872537,42.24033],[23.871249,42.244751],[23.877623,42.249331],[23.871192,42.250747],[23.872044,42.255673],[23.884991,42.259483],[23.884377,42.263685],[23.891615,42.267499],[23.894586,42.274758],[23.887373,42.286172],[23.898699,42.299353],[23.917095,42.295679],[23.924705,42.286615],[23.923539,42.27767],[23.934751,42.272133],[23.950794,42.272184],[23.961844,42.265728],[23.967045,42.267257],[23.97155,42.274851],[23.97704,42.274699],[23.982422,42.286434],[23.994654,42.293791],[23.994156,42.299378],[23.961686,42.312333],[23.941126,42.328345],[23.940889,42.330737],[23.95323,42.334945],[23.947718,42.336698],[23.956321,42.353317],[23.953884,42.368113],[23.96273,42.373118],[23.955796,42.379929],[23.970361,42.388425],[23.988836,42.388207],[24.004763,42.394793],[24.009363,42.38818],[24.0183,42.391974],[24.021017,42.38902],[24.030298,42.391915],[24.032949,42.398847],[24.038591,42.398194],[24.036455,42.406942],[24.0327,42.408483],[24.039437,42.411495],[24.044999,42.409253],[24.04767,42.42109],[24.045865,42.42787],[24.058728,42.449743],[24.066065,42.449957],[24.058,42.461739],[24.03859,42.467562],[24.031011,42.462232],[24.00744,42.456656],[23.991999,42.457849],[23.989408,42.453569],[23.979428,42.458768],[23.985262,42.461344],[23.983191,42.464342],[23.979398,42.462686],[23.981051,42.468946],[23.967427,42.459936],[23.963236,42.460915],[23.965849,42.462789],[23.964055,42.465395],[23.955433,42.462495],[23.953277,42.465007],[23.959484,42.470308],[23.955275,42.47896],[23.910114,42.503961],[23.916419,42.518652],[23.895873,42.536177],[23.895338,42.541493],[23.890478,42.546281],[23.899634,42.546843],[23.916969,42.560507],[23.937239,42.56121],[23.954778,42.571572],[23.965949,42.571916],[23.990599,42.567138],[23.990573,42.562277],[24.003302,42.558847],[24.022026,42.547322],[24.041919,42.547732],[24.055216,42.557692],[24.073858,42.561395],[24.080338,42.571982],[24.092223,42.572477],[24.108458,42.56796],[24.123699,42.574503],[24.128844,42.588259],[24.141619,42.593176],[24.142713,42.597075],[24.139535,42.600507],[24.142778,42.605133],[24.149518,42.607583],[24.152402,42.605321],[24.152619,42.604082],[24.153883,42.602819],[24.151746,42.610224],[24.1542755,42.6153523],[24.178301,42.621205],[24.195906,42.617704],[24.20537,42.622218],[24.21177,42.618753],[24.217537,42.627482],[24.227918,42.629003],[24.260888,42.621298],[24.276067,42.625539],[24.280994,42.623557],[24.290705,42.613026],[24.300458,42.608079],[24.301576,42.603902],[24.309054,42.601194],[24.306811,42.596937],[24.31431,42.58346],[24.343966,42.574723],[24.343986,42.568209],[24.349095,42.566428],[24.354723,42.550214],[24.377598,42.566412],[24.412619,42.564986],[24.412403,42.561611],[24.421,42.55307],[24.414872,42.549201],[24.423156,42.538182],[24.42227,42.532965],[24.418746,42.532058],[24.421718,42.528353],[24.41107,42.521628],[24.408057,42.509161],[24.392958,42.504214],[24.389578,42.497629],[24.381252,42.495197],[24.380917,42.482902],[24.384505,42.477125],[24.388692,42.476667],[24.388134,42.467272],[24.392564,42.464349],[24.411663,42.463335],[24.433725,42.453032],[24.428187,42.447811],[24.427074,42.437177],[24.435958,42.435132],[24.436538,42.430127],[24.444148,42.423705],[24.430034,42.416334],[24.426861,42.40756],[24.427854,42.398348],[24.44575,42.391024],[24.444759,42.384318],[24.437001,42.381231],[24.442025,42.378599],[24.438239,42.376796],[24.43943,42.371109],[24.448895,42.370248],[24.442868,42.36566],[24.445443,42.362694],[24.43685,42.362876],[24.468222,42.342656],[24.470433,42.337742],[24.466229,42.33712],[24.484764,42.323198],[24.483129,42.314767],[24.475221,42.309829],[24.479799,42.30543],[24.469978,42.29855],[24.461073,42.302914],[24.452168,42.292988],[24.470975,42.281186],[24.475039,42.275647],[24.473101,42.266266],[24.489151,42.264185],[24.489087,42.250836],[24.496637,42.227172],[24.491528,42.189764],[24.498795,42.191901],[24.499136,42.18072],[24.517929,42.180947],[24.518607,42.163785],[24.535752,42.161368],[24.534338,42.155047],[24.537798,42.152662],[24.502734,42.14171],[24.499402,42.134333],[24.491284,42.138124],[24.491887,42.145169],[24.470911,42.146165],[24.462732,42.139856],[24.443158,42.136317],[24.454522,42.13379],[24.439085,42.135279],[24.449254,42.133341],[24.443022,42.12465],[24.431441,42.124264],[24.43493,42.114828],[24.445491,42.113151],[24.466353,42.091214],[24.444037,42.08217],[24.441607,42.071187],[24.444282,42.065665],[24.439329,42.050737],[24.443652,42.043203],[24.448609,42.045022],[24.451996,42.041552],[24.449772,42.039231],[24.455665,42.037683],[24.451832,42.033747],[24.459989,42.030369],[24.454486,42.028357],[24.459924,42.025669],[24.45629,42.021246],[24.457242,42.010793],[24.46203,42.011956],[24.46066,42.005035],[24.473992,41.995099],[24.471452,41.990449],[24.466442,41.991801],[24.455411,41.982979],[24.459961,41.975609],[24.45421,41.96571],[24.460005,41.955775],[24.453846,41.943791],[24.433632,41.937045],[24.439949,41.935194],[24.441637,41.93154],[24.437509,41.929301],[24.433545,41.932001],[24.426927,41.927183],[24.437144,41.92356],[24.433296,41.920111],[24.440755,41.915297],[24.438223,41.909052],[24.446642,41.907608],[24.449193,41.904129],[24.440512,41.903331],[24.444106,41.898922],[24.437767,41.89882],[24.423363,41.889663],[24.425781,41.884667],[24.420095,41.879551],[24.421486,41.870925],[24.415205,41.871637],[24.399091,41.8645],[24.381044,41.864693],[24.377561,41.859414],[24.371206,41.857824],[24.361788,41.859991],[24.345232,41.831477],[24.333487,41.832254],[24.330764,41.827869],[24.3331,41.817653],[24.321795,41.806005],[24.319149,41.798873],[24.321705,41.792424],[24.313341,41.780889],[24.31482,41.771036],[24.323951,41.763362],[24.326737,41.756664],[24.31529,41.749512],[24.313806,41.754278],[24.308301,41.754423],[24.301462,41.748227],[24.30028,41.742253],[24.295904,41.740187],[24.298818,41.72795],[24.29575,41.720685],[24.27601,41.718079],[24.269842,41.707861],[24.255671,41.712503],[24.251591,41.706858],[24.248258,41.712591],[24.240217,41.713548],[24.234259,41.721204],[24.205591,41.71919],[24.197839,41.72315],[24.197706,41.720254],[24.191771,41.720376],[24.180574,41.727255],[24.181078,41.738374],[24.174718,41.740159],[24.165064,41.723204],[24.160726,41.726465],[24.149405,41.722632],[24.142855,41.718595],[24.144216,41.713273],[24.137174,41.716958],[24.124352,41.708391],[24.107817,41.711192],[24.114565,41.703335],[24.096719,41.697012],[24.096392,41.693571],[24.100161,41.692949],[24.093627,41.684609],[24.067765,41.668505],[24.065003,41.676001],[24.061092,41.676478],[24.058487,41.681278],[24.042496,41.686567],[24.049375,41.69129],[24.047633,41.699212],[24.034785,41.704843],[24.029199,41.698328],[24.024892,41.704355],[24.015281,41.707677],[24.008136,41.714376],[24.011321,41.722408],[24.002948,41.720234],[23.990865,41.728855],[23.98761,41.736332],[23.959553,41.747906],[23.939181,41.764737],[23.925804,41.767943],[23.918938,41.778702],[23.90613,41.785812],[23.894878,41.797159],[23.880894,41.797024],[23.866401,41.792476],[23.857483,41.797146],[23.849796,41.809444],[23.841006,41.814382],[23.786422,41.832384],[23.791791,41.84479],[23.788819,41.847912],[23.793263,41.854783],[23.788751,41.860941],[23.781382,41.862343],[23.777274,41.869433],[23.789534,41.890976],[23.777484,41.893751],[23.778065,41.903122],[23.768933,41.919534],[23.755331,41.929213],[23.758719,41.934227]]]]}},{"type":"Feature","properties":{"slug":"pernik-oblast","name_bg":"Перник","name_en":"Pernik","source":"OpenStreetMap contributors, ODbL 1.0"},"geometry":{"type":"MultiPolygon","coordinates":[[[[22.4414288,42.8252898],[22.450087,42.826138],[22.4651278,42.8337324],[22.4696437,42.8306101],[22.4745275,42.8315614],[22.4989081,42.8489939],[22.5071807,42.8505906],[22.5157262,42.8568884],[22.5154716,42.8685967],[22.5220576,42.8767409],[22.5279818,42.8765254],[22.536431,42.8821259],[22.5754274,42.8629089],[22.5727242,42.8756215],[22.5841018,42.8921994],[22.5913727,42.8904283],[22.5963882,42.8942618],[22.6037323,42.8919042],[22.6175948,42.896233],[22.6403081,42.8779712],[22.6564033,42.883019],[22.6736481,42.8759739],[22.6753169,42.8663071],[22.6782446,42.8655219],[22.682278,42.8683736],[22.6814397,42.8721901],[22.6955474,42.8786971],[22.6972847,42.8843009],[22.701683,42.8843251],[22.7052354,42.8793832],[22.7137726,42.8869036],[22.7208053,42.8849751],[22.7301239,42.8886411],[22.7377888,42.8846647],[22.7484614,42.8898527],[22.76026,42.881886],[22.770916,42.881708],[22.772715,42.867984],[22.768217,42.864401],[22.780317,42.849239],[22.795132,42.848529],[22.797782,42.84547],[22.802269,42.847037],[22.814796,42.83526],[22.824529,42.839877],[22.82661,42.843753],[22.823829,42.845144],[22.839888,42.856485],[22.845822,42.853937],[22.853059,42.859057],[22.86102,42.854409],[22.867601,42.855877],[22.859496,42.843333],[22.860886,42.840877],[22.849576,42.836714],[22.852404,42.836756],[22.849534,42.83011],[22.845012,42.827948],[22.845703,42.822866],[22.854104,42.815917],[22.870857,42.810057],[22.881631,42.826558],[22.892592,42.821981],[22.9045352,42.8250039],[22.907158,42.822404],[22.903337,42.821996],[22.906126,42.816183],[22.9105779,42.8138782],[22.90839,42.803348],[22.916582,42.798331],[22.915047,42.789103],[22.9207,42.789206],[22.932952,42.781155],[22.939843,42.781694],[22.946864,42.770748],[22.962695,42.77955],[22.970888,42.780452],[22.978243,42.774181],[22.985743,42.773228],[22.987292,42.769087],[22.992216,42.769581],[22.99264,42.764075],[22.984715,42.763105],[22.989239,42.75545],[23.003722,42.755677],[23.011774,42.752064],[23.015425,42.755102],[23.04091,42.754313],[23.031923,42.747644],[23.034258,42.736997],[23.032035,42.733432],[23.040846,42.723363],[23.037386,42.717373],[23.044102,42.715419],[23.046534,42.71755],[23.046518,42.715205],[23.056482,42.712718],[23.051106,42.702238],[23.053083,42.69962],[23.066343,42.698535],[23.066836,42.694222],[23.079482,42.695094],[23.08585,42.691858],[23.09763,42.695721],[23.101822,42.693085],[23.10582,42.6949076],[23.103011,42.689464],[23.109842,42.684171],[23.109502,42.674395],[23.115134,42.672611],[23.118341,42.667234],[23.124004,42.670012],[23.143511,42.667125],[23.146709,42.662289],[23.167622,42.658503],[23.1730337,42.6491995],[23.162697,42.641582],[23.175133,42.623922],[23.170414,42.617918],[23.172822,42.616082],[23.152989,42.605476],[23.148693,42.599033],[23.139663,42.594176],[23.143185,42.58733],[23.149244,42.58695],[23.15373,42.592118],[23.198292,42.59015],[23.209201,42.584941],[23.224221,42.583009],[23.230463,42.574971],[23.238119,42.570669],[23.248994,42.571454],[23.25789,42.563859],[23.28419,42.562952],[23.287932,42.554187],[23.2998368,42.5447891],[23.295538,42.535006],[23.286685,42.531924],[23.279517,42.533458],[23.267933,42.525213],[23.259227,42.514819],[23.254403,42.496763],[23.237543,42.49405],[23.233828,42.491197],[23.230485,42.478913],[23.221066,42.472803],[23.220121,42.459846],[23.222608,42.457663],[23.218301,42.443441],[23.223564,42.439417],[23.218774,42.432296],[23.220221,42.428104],[23.227114,42.427026],[23.219457,42.42388],[23.224415,42.423745],[23.224793,42.419127],[23.237894,42.413729],[23.239866,42.411593],[23.237289,42.408696],[23.242415,42.404445],[23.241426,42.402094],[23.228747,42.392634],[23.224925,42.377519],[23.206248,42.372732],[23.193577,42.364951],[23.169343,42.36514],[23.172778,42.370135],[23.165652,42.381525],[23.156656,42.381863],[23.149794,42.377698],[23.131399,42.379449],[23.131266,42.384815],[23.124918,42.387703],[23.120565,42.394415],[23.125768,42.400973],[23.109005,42.410809],[23.106148,42.404588],[23.093314,42.393349],[23.089391,42.381068],[23.092732,42.377244],[23.09147,42.370899],[23.081037,42.367154],[23.060693,42.380347],[23.036647,42.37603],[23.028755,42.384692],[23.027079,42.391269],[23.014947,42.39105],[23.004839,42.396248],[23.006656,42.405197],[22.991939,42.404297],[22.976345,42.388451],[22.973677,42.392046],[22.970228,42.390232],[22.94973,42.399647],[22.949878,42.396816],[22.944487,42.397226],[22.934881,42.389746],[22.913778,42.387545],[22.906768,42.364116],[22.902085,42.360663],[22.875668,42.373958],[22.872075,42.367853],[22.854652,42.364481],[22.840863,42.36703],[22.837228,42.374316],[22.805784,42.375943],[22.810146,42.386894],[22.797156,42.395499],[22.796258,42.407841],[22.790206,42.415662],[22.770449,42.413325],[22.769978,42.417077],[22.762261,42.420053],[22.754888,42.419381],[22.750753,42.414235],[22.748518,42.426053],[22.743876,42.427355],[22.747656,42.427377],[22.74288,42.429387],[22.743406,42.432027],[22.731,42.436418],[22.72931,42.460768],[22.71716,42.469153],[22.695699,42.476629],[22.69883,42.4834],[22.707144,42.48071],[22.711526,42.483765],[22.711772,42.496307],[22.706711,42.502707],[22.710781,42.509055],[22.70469,42.51679],[22.695195,42.511694],[22.683225,42.521961],[22.671448,42.523219],[22.663084,42.518097],[22.651497,42.524044],[22.653845,42.526607],[22.649727,42.541319],[22.654076,42.545105],[22.652869,42.548419],[22.642921,42.552692],[22.642115,42.556736],[22.628586,42.556411],[22.625215,42.567315],[22.614702,42.570456],[22.604323,42.591259],[22.607858,42.604775],[22.588843,42.635391],[22.582985,42.638672],[22.576776,42.637805],[22.575476,42.631901],[22.56431,42.624948],[22.561265,42.629868],[22.542948,42.624667],[22.5385328,42.6305249],[22.528429,42.622317],[22.52625,42.624827],[22.517843,42.623999],[22.5103,42.633875],[22.50041,42.635581],[22.497992,42.639133],[22.499592,42.643802],[22.496696,42.645585],[22.474054,42.644647],[22.471706,42.641608],[22.4614615,42.6484045],[22.4586834,42.6550481],[22.4726691,42.6669309],[22.4759684,42.6757847],[22.4696379,42.6819768],[22.4603622,42.6837513],[22.4584432,42.6894984],[22.4721573,42.6951083],[22.4710956,42.7002537],[22.4755941,42.710093],[22.4826925,42.7147771],[22.486028,42.7214012],[22.4965587,42.7226323],[22.4961973,42.7329931],[22.5013529,42.7396433],[22.4994342,42.7438035],[22.4849138,42.7511066],[22.4760479,42.7630199],[22.4762973,42.7672346],[22.4600209,42.7777062],[22.4559054,42.7930961],[22.4495473,42.795736],[22.4488004,42.8023975],[22.4408907,42.8057498],[22.4414288,42.8252898]]]]}},{"type":"Feature","properties":{"slug":"pleven-oblast","name_bg":"Плевен","name_en":"Pleven","source":"OpenStreetMap contributors, ODbL 1.0"},"geometry":{"type":"MultiPolygon","coordinates":[[[[23.962357,43.265853],[23.964463,43.268294],[23.951396,43.275066],[23.968358,43.287055],[23.973369,43.295154],[23.966839,43.305245],[23.967283,43.315226],[23.957171,43.341589],[23.965459,43.345522],[23.964439,43.356591],[23.995115,43.363825],[23.993886,43.383436],[24.000593,43.395727],[24.007646,43.391992],[24.01755,43.400267],[24.020158,43.409036],[24.023682,43.407322],[24.028224,43.413777],[24.03536,43.41379],[24.037874,43.418479],[24.048076,43.42134],[24.054714,43.43371],[24.051392,43.434766],[24.072904,43.448918],[24.072988,43.452467],[24.059534,43.456327],[24.061987,43.460803],[24.051203,43.463891],[24.050375,43.46699],[24.018198,43.472938],[24.021198,43.484362],[24.013045,43.48366],[24.001272,43.524615],[23.995469,43.525899],[23.997044,43.529126],[23.986844,43.531668],[23.992976,43.544086],[24.001801,43.541791],[24.027882,43.605038],[24.043374,43.601844],[24.038136,43.609022],[24.054278,43.609421],[24.072597,43.599633],[24.087476,43.614382],[24.126986,43.595252],[24.141878,43.606416],[24.157197,43.603694],[24.158364,43.606576],[24.168088,43.602942],[24.206765,43.646813],[24.265765,43.633247],[24.260068,43.636704],[24.261383,43.64109],[24.268371,43.640172],[24.27667,43.652753],[24.301745,43.645239],[24.313397,43.660752],[24.3235415,43.6976189],[24.3490085,43.6980955],[24.380038,43.7107136],[24.379332,43.715354],[24.38316,43.719967],[24.395005,43.725653],[24.406951,43.736316],[24.441817,43.744095],[24.4483079,43.7431103],[24.4847488,43.7594561],[24.5024667,43.7614207],[24.5401689,43.7568241],[24.5628977,43.7574569],[24.5888378,43.7525622],[24.6399406,43.7317102],[24.6824598,43.7026607],[24.7101901,43.6888662],[24.7252464,43.6850825],[24.7438609,43.6848885],[24.754225,43.6908235],[24.8149458,43.7108843],[24.8356998,43.7127973],[24.8698711,43.7078494],[24.8954166,43.7103723],[24.9161661,43.7153021],[24.9142178,43.7188668],[24.9348235,43.7274446],[24.9643064,43.7311892],[25.0038113,43.7242052],[25.0221286,43.7083941],[25.0820124,43.687891],[25.1323414,43.6855092],[25.1441967,43.6876428],[25.1591944,43.6970144],[25.1826337,43.7006372],[25.2409664,43.6892195],[25.2595317,43.6785107],[25.2768633,43.6602189],[25.2919855,43.6528443],[25.2319456,43.6505248],[25.223546,43.643858],[25.2042061,43.6376348],[25.208021,43.6345659],[25.2140107,43.6362663],[25.2200129,43.6149319],[25.2139943,43.6160812],[25.1951377,43.6015372],[25.1886679,43.6024482],[25.1895708,43.606041],[25.1733639,43.6052413],[25.1742779,43.6009156],[25.2015319,43.5879144],[25.2025101,43.580911],[25.2062062,43.5809047],[25.1964988,43.5681828],[25.2019934,43.5675278],[25.1978782,43.5593098],[25.2017733,43.5579908],[25.2057975,43.5497283],[25.2128968,43.5432051],[25.2195732,43.5451179],[25.23459,43.5326947],[25.2220321,43.5248227],[25.2097977,43.5238688],[25.2094364,43.4982913],[25.1919507,43.4983749],[25.1918563,43.4792088],[25.1810016,43.4791755],[25.1801776,43.4727346],[25.1621975,43.4694451],[25.1631968,43.459522],[25.1479819,43.4588735],[25.148349,43.4535851],[25.1383885,43.4532682],[25.1373969,43.4567288],[25.1288867,43.4574823],[25.1260509,43.452002],[25.1300591,43.4376361],[25.1281339,43.4306801],[25.1336735,43.4251626],[25.1347203,43.428541],[25.1480637,43.4269913],[25.1770707,43.4327247],[25.1764189,43.4361238],[25.1952214,43.4380045],[25.2117848,43.4301698],[25.2126418,43.4123005],[25.2012515,43.4121225],[25.2021391,43.3876001],[25.1936596,43.3863857],[25.1954235,43.3813376],[25.2010116,43.3809548],[25.2011894,43.3754054],[25.1920415,43.374396],[25.1912616,43.3716747],[25.2160694,43.37695],[25.2215399,43.3723477],[25.2381008,43.3719954],[25.2380042,43.3597453],[25.2561228,43.358006],[25.2551315,43.3454668],[25.2384816,43.3416378],[25.2287918,43.323652],[25.2125888,43.3137282],[25.1816026,43.3040758],[25.1807502,43.2981917],[25.1764509,43.2943996],[25.1604317,43.2869543],[25.153906,43.2769494],[25.1460423,43.2754636],[25.143666,43.266509],[25.140428,43.266832],[25.138712,43.27696],[25.129926,43.276664],[25.128583,43.269686],[25.114595,43.269184],[25.118369,43.285687],[25.10706,43.286615],[25.108313,43.283326],[25.105901,43.28659],[25.099465,43.286103],[25.098138,43.298456],[25.092752,43.302831],[25.084638,43.303146],[25.081592,43.314657],[25.059297,43.358032],[25.049673,43.35885],[25.052742,43.377717],[25.024763,43.380091],[25.01953,43.378205],[25.019317,43.361539],[25.032902,43.360454],[25.033313,43.349481],[25.02192,43.347826],[25.021647,43.332182],[25.033098,43.332963],[25.033227,43.325915],[25.02485,43.320055],[24.988517,43.325106],[24.98855,43.318324],[24.97935,43.317841],[24.977022,43.295948],[24.94535,43.29614],[24.945424,43.305643],[24.93127,43.305729],[24.934893,43.293778],[24.915508,43.290529],[24.913992,43.287211],[24.903993,43.287891],[24.904366,43.297574],[24.885614,43.297622],[24.886214,43.302422],[24.832555,43.303631],[24.833066,43.306926],[24.81161,43.317224],[24.805941,43.314306],[24.754802,43.313114],[24.754485,43.305195],[24.741975,43.304667],[24.740628,43.295598],[24.728184,43.294276],[24.729406,43.288485],[24.714912,43.28695],[24.715756,43.28228],[24.69397,43.275749],[24.696049,43.273615],[24.685915,43.274891],[24.683543,43.267068],[24.687734,43.258105],[24.682642,43.250583],[24.669388,43.251227],[24.668288,43.26399],[24.653172,43.279268],[24.656258,43.251534],[24.648542,43.245785],[24.64439,43.246965],[24.643392,43.240023],[24.638538,43.238448],[24.641209,43.236687],[24.62975,43.231444],[24.631248,43.225315],[24.638418,43.222828],[24.627506,43.223268],[24.620341,43.22044],[24.61924,43.217085],[24.602837,43.214855],[24.600231,43.210397],[24.580295,43.203018],[24.574559,43.208991],[24.544155,43.209877],[24.535324,43.21342],[24.528648,43.211296],[24.498366,43.223533],[24.489519,43.223578],[24.481846,43.23092],[24.469374,43.22648],[24.461044,43.216422],[24.438031,43.22036],[24.439125,43.222382],[24.43424,43.225009],[24.435788,43.228497],[24.428153,43.23084],[24.428313,43.248285],[24.399657,43.256367],[24.391562,43.255525],[24.389201,43.260944],[24.395289,43.266154],[24.396209,43.271107],[24.384097,43.278346],[24.37616,43.276936],[24.369935,43.27073],[24.331261,43.261217],[24.3233,43.250831],[24.318941,43.252233],[24.311304,43.240715],[24.305487,43.240647],[24.304818,43.236047],[24.297991,43.239543],[24.280955,43.237555],[24.264024,43.231564],[24.262441,43.226281],[24.254825,43.2238645],[24.233348,43.230027],[24.229957,43.229807],[24.230319,43.226099],[24.196242,43.23357],[24.192485,43.239537],[24.160896,43.235308],[24.145878,43.245718],[24.137792,43.245448],[24.136353,43.247839],[24.09244,43.229845],[24.084999,43.236037],[24.071181,43.227011],[24.070501,43.222982],[24.055328,43.223961],[24.050817,43.218411],[24.072639,43.212773],[24.077445,43.205853],[24.074935,43.201513],[24.05949,43.209345],[24.055065,43.206055],[24.048322,43.212546],[24.032401,43.205659],[24.02279,43.207319],[24.01716,43.21177],[24.015458,43.208936],[24.006856,43.214087],[23.997007,43.214386],[23.988399,43.224902],[23.975035,43.222829],[23.96856,43.226077],[23.968939,43.221771],[23.963359,43.222172],[23.962776,43.226624],[23.956182,43.228392],[23.966565,43.240213],[23.959237,43.243687],[23.968483,43.257493],[23.962357,43.265853]]]]}},{"type":"Feature","properties":{"slug":"plovdiv-oblast","name_bg":"Пловдив","name_en":"Plovdiv","source":"OpenStreetMap contributors, ODbL 1.0"},"geometry":{"type":"MultiPolygon","coordinates":[[[[24.362965,42.694373],[24.369998,42.695953],[24.367946,42.712041],[24.372842,42.711773],[24.381226,42.72807],[24.3864,42.73021],[24.3859203,42.7499984],[24.418573,42.75121],[24.425485,42.754464],[24.444306,42.749205],[24.463726,42.74997],[24.484994,42.765734],[24.479881,42.777108],[24.480985,42.780728],[24.494499,42.793717],[24.511494,42.793077],[24.530511,42.786995],[24.54184,42.789911],[24.546745,42.787441],[24.557843,42.788663],[24.561012,42.792199],[24.572985,42.790964],[24.598863,42.780459],[24.614308,42.776735],[24.621985,42.778478],[24.629696,42.772509],[24.640724,42.769469],[24.647149,42.752161],[24.659733,42.745603],[24.664147,42.733973],[24.673271,42.731019],[24.674893,42.725347],[24.699682,42.716027],[24.708847,42.718023],[24.75001,42.708783],[24.779894,42.715448],[24.781087,42.720487],[24.790231,42.724684],[24.812738,42.721537],[24.835272,42.72815],[24.849181,42.719092],[24.8813506,42.7247465],[24.9150284,42.7163353],[24.9262571,42.7300648],[24.9372857,42.7300979],[24.9464495,42.7238746],[24.9637064,42.7318619],[25.0049673,42.7395361],[25.011185,42.724013],[25.015434,42.722526],[25.013581,42.715178],[25.020803,42.702556],[25.016358,42.697074],[25.020132,42.693243],[25.015241,42.678989],[25.022831,42.669781],[25.015878,42.669003],[25.016601,42.665658],[25.023557,42.658898],[25.019713,42.657347],[25.02127,42.653602],[25.017978,42.651126],[25.016878,42.639456],[25.020739,42.622548],[25.013558,42.618903],[25.008682,42.609328],[25.004453,42.609252],[25.007896,42.601397],[25.013939,42.597155],[25.000561,42.588312],[25.014036,42.578234],[25.016134,42.573033],[25.018831,42.564401],[25.017574,42.551565],[25.022415,42.545544],[25.016935,42.540382],[25.026855,42.53745],[25.029514,42.530937],[25.038778,42.526787],[25.038575,42.518676],[25.068989,42.50824],[25.076932,42.494153],[25.088438,42.494641],[25.094969,42.498483],[25.138947,42.498973],[25.154424,42.505703],[25.162056,42.501113],[25.174291,42.499576],[25.177193,42.491956],[25.191291,42.491788],[25.185654,42.482622],[25.178254,42.482866],[25.175511,42.473002],[25.180444,42.468592],[25.175078,42.470267],[25.162558,42.465561],[25.153697,42.454131],[25.154603,42.446754],[25.164616,42.439354],[25.189021,42.431527],[25.199507,42.422342],[25.197756,42.41768],[25.2009,42.414054],[25.197671,42.410324],[25.197941,42.399284],[25.193916,42.398927],[25.194336,42.391174],[25.180524,42.392386],[25.180355,42.399464],[25.167571,42.405179],[25.165498,42.40886],[25.143908,42.411473],[25.132069,42.42391],[25.121746,42.416488],[25.117399,42.397069],[25.112294,42.396383],[25.11517,42.395545],[25.113374,42.391287],[25.119471,42.381118],[25.119511,42.367732],[25.1226924,42.3661774],[25.118299,42.36341],[25.123965,42.357534],[25.119538,42.35294],[25.12255,42.350334],[25.11275,42.343667],[25.119807,42.340821],[25.117424,42.336063],[25.122438,42.336205],[25.126764,42.309926],[25.124486,42.305031],[25.130342,42.300261],[25.126073,42.28614],[25.133409,42.286684],[25.135798,42.290918],[25.140204,42.288117],[25.142725,42.29139],[25.155218,42.2921185],[25.15324,42.290705],[25.156213,42.280078],[25.168718,42.277889],[25.174453,42.279826],[25.175365,42.275276],[25.173744,42.271251],[25.153048,42.262975],[25.130061,42.264946],[25.099,42.262574],[25.083016,42.256018],[25.086779,42.221209],[25.081415,42.183046],[25.11551,42.169072],[25.124735,42.159254],[25.1509815,42.1572731],[25.1567061,42.1529136],[25.1525421,42.1469904],[25.1594685,42.1383738],[25.1660638,42.1423365],[25.1583717,42.1417529],[25.1560198,42.1483344],[25.1671516,42.1521396],[25.1619552,42.1618736],[25.1589358,42.1617764],[25.1599322,42.1703695],[25.1699802,42.1697221],[25.1664802,42.1802877],[25.1754603,42.1801173],[25.175083,42.1695279],[25.1963679,42.1741783],[25.1972743,42.1659151],[25.2093939,42.1638476],[25.2078667,42.1595466],[25.2160797,42.1594401],[25.2167854,42.1640641],[25.22381,42.1642202],[25.2265136,42.1694802],[25.250465,42.1775452],[25.2465842,42.1815099],[25.2598192,42.1844259],[25.2764171,42.1559777],[25.2805301,42.1540219],[25.2754088,42.1553344],[25.2761835,42.1529608],[25.2942799,42.1470827],[25.3156026,42.1483303],[25.3312899,42.1144102],[25.3392348,42.1122103],[25.3480504,42.1143799],[25.3469438,42.0935692],[25.3407681,42.0781769],[25.3207711,42.0719046],[25.3153752,42.0598701],[25.3082315,42.0612342],[25.3066167,42.0549157],[25.3010863,42.0488419],[25.2974181,42.049504],[25.2951774,42.0443826],[25.299025,42.0384769],[25.2987063,42.030954],[25.3033983,42.0303334],[25.3029261,42.0261484],[25.3082884,42.021533],[25.3081229,42.0142725],[25.311932,42.0111102],[25.3074641,41.9946685],[25.3126136,41.9869744],[25.3111875,41.98277],[25.317243,41.979252],[25.309973,41.97508],[25.317608,41.967982],[25.305603,41.962605],[25.308297,41.957157],[25.303019,41.948907],[25.285227,41.944231],[25.283825,41.93793],[25.27695,41.9366],[25.277195,41.931474],[25.268615,41.923928],[25.262743,41.923827],[25.263786,41.907557],[25.251105,41.896765],[25.216888,41.895595],[25.209419,41.901535],[25.19393,41.901136],[25.181883,41.89493],[25.182674,41.886348],[25.172159,41.875938],[25.143273,41.870021],[25.147622,41.843877],[25.142889,41.834694],[25.130925,41.828602],[25.117189,41.827271],[25.108175,41.818377],[25.10684,41.810571],[25.118689,41.799608],[25.09435,41.796682],[25.085546,41.793363],[25.081621,41.787969],[25.079511,41.792456],[25.072449,41.794371],[25.074853,41.801519],[25.070391,41.804327],[25.060979,41.804358],[25.050003,41.798205],[25.035484,41.798893],[25.028524,41.803971],[25.035329,41.812972],[25.03284,41.819578],[25.013922,41.827098],[25.001864,41.839178],[24.999203,41.832742],[24.988421,41.829333],[24.97576,41.813206],[24.964129,41.805573],[24.964699,41.801524],[24.959753,41.795332],[24.959047,41.789361],[24.962334,41.785184],[24.954657,41.774729],[24.953487,41.766235],[24.964155,41.750734],[24.957822,41.747712],[24.957657,41.743401],[24.96836,41.744079],[24.964388,41.734031],[24.9599,41.732654],[24.953374,41.73769],[24.944385,41.739355],[24.944116,41.744698],[24.940454,41.743915],[24.941373,41.739098],[24.932502,41.745741],[24.914477,41.741298],[24.911733,41.732264],[24.914691,41.724023],[24.907159,41.712318],[24.899908,41.707896],[24.891415,41.7139],[24.880276,41.713613],[24.870794,41.707098],[24.856749,41.70583],[24.852154,41.700052],[24.85166,41.688146],[24.848594,41.683672],[24.843056,41.683014],[24.835426,41.687615],[24.836338,41.693501],[24.828068,41.692835],[24.833767,41.700293],[24.832594,41.703564],[24.812598,41.70596],[24.805908,41.712077],[24.800481,41.711329],[24.79949,41.718846],[24.789771,41.718752],[24.785907,41.725872],[24.797844,41.745457],[24.796032,41.748877],[24.803924,41.754774],[24.807323,41.763557],[24.783408,41.767734],[24.769437,41.764643],[24.766697,41.778419],[24.748992,41.781358],[24.74558,41.790672],[24.736111,41.799853],[24.740671,41.802812],[24.757309,41.804066],[24.759968,41.814259],[24.767178,41.816524],[24.766488,41.824349],[24.779068,41.823406],[24.771239,41.82813],[24.783444,41.840405],[24.77444,41.844529],[24.766411,41.861719],[24.760364,41.86574],[24.76195,41.872042],[24.75287,41.887635],[24.745107,41.885053],[24.74643,41.889055],[24.734651,41.893269],[24.721025,41.887602],[24.71988,41.891435],[24.713033,41.891683],[24.707305,41.898984],[24.696862,41.900057],[24.69373,41.903402],[24.655022,41.907372],[24.643908,41.902832],[24.628479,41.903719],[24.61809,41.893541],[24.599047,41.890896],[24.59135,41.884691],[24.579464,41.883324],[24.568531,41.876936],[24.557565,41.878118],[24.549321,41.871657],[24.548102,41.879977],[24.538317,41.885491],[24.531821,41.885277],[24.518768,41.89393],[24.520171,41.908128],[24.50985,41.918678],[24.47234,41.920048],[24.464497,41.923723],[24.452207,41.921694],[24.448486,41.931332],[24.439825,41.938268],[24.453846,41.943791],[24.460005,41.955775],[24.45421,41.96571],[24.459961,41.975609],[24.455411,41.982979],[24.466442,41.991801],[24.471452,41.990449],[24.473992,41.995099],[24.46066,42.005035],[24.46203,42.011956],[24.457242,42.010793],[24.45629,42.021246],[24.459924,42.025669],[24.454486,42.028357],[24.459989,42.030369],[24.451832,42.033747],[24.455665,42.037683],[24.449772,42.039231],[24.451996,42.041552],[24.448609,42.045022],[24.443652,42.043203],[24.439381,42.052216],[24.444282,42.065665],[24.441607,42.071187],[24.444037,42.08217],[24.466353,42.091214],[24.445491,42.113151],[24.43493,42.114828],[24.431441,42.124264],[24.443022,42.12465],[24.449254,42.133341],[24.439085,42.135279],[24.454522,42.13379],[24.443158,42.136317],[24.462732,42.139856],[24.470911,42.146165],[24.491887,42.145169],[24.491284,42.138124],[24.499402,42.134333],[24.502734,42.14171],[24.537798,42.152662],[24.534338,42.155047],[24.535752,42.161368],[24.518607,42.163785],[24.517929,42.180947],[24.499136,42.18072],[24.498795,42.191901],[24.491528,42.189764],[24.496637,42.227172],[24.489087,42.250836],[24.489151,42.264185],[24.473101,42.266266],[24.475039,42.275647],[24.470975,42.281186],[24.452168,42.292988],[24.461073,42.302914],[24.469978,42.29855],[24.479799,42.30543],[24.475221,42.309829],[24.483129,42.314767],[24.484764,42.323198],[24.466229,42.33712],[24.470433,42.337742],[24.468222,42.342656],[24.43685,42.362876],[24.445443,42.362694],[24.442868,42.36566],[24.448895,42.370248],[24.43943,42.371109],[24.438239,42.376796],[24.442025,42.378599],[24.437001,42.381231],[24.444759,42.384318],[24.44575,42.391024],[24.427854,42.398348],[24.426861,42.40756],[24.430034,42.416334],[24.444148,42.423705],[24.436538,42.430127],[24.435958,42.435132],[24.427074,42.437177],[24.428187,42.447811],[24.433725,42.453032],[24.411663,42.463335],[24.392564,42.464349],[24.388134,42.467272],[24.388692,42.476667],[24.384505,42.477125],[24.380917,42.482902],[24.381252,42.495197],[24.389578,42.497629],[24.392958,42.504214],[24.408057,42.509161],[24.41107,42.521628],[24.421677,42.528257],[24.418746,42.532058],[24.42227,42.532965],[24.423156,42.538182],[24.414872,42.549201],[24.416708,42.551487],[24.426599,42.555526],[24.428301,42.560273],[24.443965,42.558135],[24.450077,42.553794],[24.46103,42.557599],[24.466439,42.563271],[24.458565,42.568259],[24.459246,42.574061],[24.471106,42.577333],[24.472572,42.587834],[24.483349,42.590014],[24.482846,42.599742],[24.465596,42.607051],[24.458325,42.613727],[24.45447,42.624858],[24.440939,42.63094],[24.437032,42.637215],[24.42636,42.643984],[24.401802,42.645748],[24.379449,42.666271],[24.356995,42.677313],[24.365094,42.681098],[24.367452,42.688982],[24.362965,42.694373]]]]}},{"type":"Feature","properties":{"slug":"razgrad-oblast","name_bg":"Разград","name_en":"Razgrad","source":"OpenStreetMap contributors, ODbL 1.0"},"geometry":{"type":"MultiPolygon","coordinates":[[[[26.1536277,43.5587882],[26.1550951,43.5710336],[26.1586313,43.5788267],[26.1609324,43.5780478],[26.1586211,43.581103],[26.164958,43.6309958],[26.1631472,43.6357866],[26.1977379,43.6357909],[26.1942752,43.6382984],[26.2006485,43.6441101],[26.2035622,43.6387159],[26.2236577,43.6459831],[26.2176259,43.6610421],[26.2238212,43.6579177],[26.2297704,43.6593733],[26.2310957,43.6617405],[26.2244776,43.6637122],[26.2342465,43.6713437],[26.24135,43.6694703],[26.2365591,43.659311],[26.2471595,43.6622793],[26.259661,43.6537669],[26.2746408,43.6544417],[26.274078,43.6579259],[26.2676558,43.6589965],[26.2668455,43.6618517],[26.2797766,43.6636361],[26.2865994,43.657204],[26.2839386,43.658135],[26.2859936,43.6535744],[26.2812914,43.6456444],[26.2922676,43.6332608],[26.2917613,43.6277321],[26.3034355,43.6274679],[26.3176693,43.6184871],[26.3476687,43.633214],[26.3506306,43.6389442],[26.3619234,43.6379894],[26.3691435,43.631497],[26.367614,43.6287922],[26.3758988,43.6296867],[26.3703014,43.6322849],[26.3713699,43.634045],[26.3886974,43.6344238],[26.3923175,43.6311606],[26.4066256,43.6311485],[26.407566,43.6273893],[26.4168937,43.6374003],[26.4282793,43.6410083],[26.433958,43.6517116],[26.4425486,43.6536962],[26.4412958,43.6583416],[26.4484637,43.6617718],[26.4455167,43.6683531],[26.4164952,43.6851437],[26.4187509,43.6934186],[26.4100511,43.6931616],[26.4137266,43.70096],[26.4275171,43.7139805],[26.4296694,43.7202005],[26.4250812,43.7285751],[26.4296432,43.7292054],[26.4274295,43.7373365],[26.4484767,43.7443933],[26.4528648,43.7429233],[26.4594738,43.7499909],[26.4536566,43.7508905],[26.4568433,43.7583725],[26.4553614,43.7635551],[26.4588882,43.7661591],[26.4557912,43.7692424],[26.4512054,43.7684384],[26.4515796,43.7800815],[26.4411922,43.781385],[26.4382446,43.7883331],[26.4312664,43.7855771],[26.423558,43.7897433],[26.4119184,43.7816567],[26.4038862,43.7838274],[26.3963004,43.7809657],[26.3899054,43.7846901],[26.3690172,43.773232],[26.351518,43.7776448],[26.3588037,43.7901183],[26.3519812,43.8004147],[26.3565594,43.802388],[26.3527246,43.806066],[26.3540761,43.8082138],[26.3470303,43.8163078],[26.3559324,43.8253165],[26.3569401,43.8328206],[26.3437473,43.8465567],[26.3451953,43.8507034],[26.3409604,43.851909],[26.3414826,43.8552466],[26.3339535,43.8613646],[26.3391701,43.8639842],[26.328937,43.8651985],[26.3235829,43.8618928],[26.3181595,43.8639349],[26.3233177,43.8684018],[26.3407938,43.8662073],[26.3727504,43.8749213],[26.371969,43.8812324],[26.3769264,43.8893777],[26.3731105,43.8913897],[26.3686655,43.9336081],[26.3752083,43.9341926],[26.3707055,43.9393933],[26.3762844,43.9412735],[26.375232,43.9461291],[26.3850856,43.9485063],[26.4068925,43.9464996],[26.4142911,43.94937],[26.4166437,43.9465454],[26.4304957,43.9525976],[26.4356468,43.948811],[26.4539025,43.9510395],[26.4605681,43.9432765],[26.4626124,43.9433692],[26.4605943,43.9463696],[26.4742505,43.951344],[26.477303,43.9403134],[26.4947728,43.9232218],[26.508693,43.9250814],[26.5103965,43.9147511],[26.5438671,43.9283421],[26.5464009,43.9358467],[26.549362,43.935862],[26.5489088,43.9332931],[26.5726432,43.9330153],[26.571861,43.9283269],[26.5803454,43.9212213],[26.598784,43.9145496],[26.5994041,43.9050158],[26.5920108,43.9037876],[26.5963197,43.8905295],[26.5840656,43.8890561],[26.5865535,43.883185],[26.6206646,43.8770231],[26.6209037,43.8739562],[26.6398547,43.8701506],[26.6408208,43.8602433],[26.6480778,43.8610596],[26.6469037,43.8689942],[26.6512644,43.8700948],[26.6654423,43.8635658],[26.6635505,43.8615693],[26.6770329,43.8551799],[26.6796423,43.8505139],[26.6990296,43.8455269],[26.7063816,43.84788],[26.7238281,43.8395136],[26.7237297,43.8584639],[26.735544,43.8576089],[26.7288623,43.8547751],[26.7280878,43.8489517],[26.7457018,43.8478112],[26.7454163,43.8431597],[26.7635968,43.8448],[26.7522872,43.8419908],[26.75643,43.8341157],[26.7525764,43.8298878],[26.7602119,43.8248838],[26.7525432,43.8217544],[26.7751016,43.8198487],[26.7763107,43.8180249],[26.7712998,43.8167391],[26.7717105,43.8120975],[26.7748794,43.8112212],[26.7845315,43.8155631],[26.7755253,43.8141887],[26.7795839,43.8157518],[26.7775478,43.8213841],[26.7923931,43.8182797],[26.7900124,43.8252261],[26.7962171,43.8312561],[26.8079915,43.8219508],[26.8151831,43.8242382],[26.82075,43.8386233],[26.8233671,43.8369126],[26.8285592,43.8400805],[26.8342848,43.8484185],[26.8411439,43.8443732],[26.8374603,43.8400986],[26.8415286,43.8305177],[26.8520548,43.8230297],[26.857387,43.8226515],[26.8597512,43.8046642],[26.8961188,43.8019763],[26.8945729,43.7991573],[26.9028299,43.795015],[26.905561,43.7828204],[26.9138307,43.7739241],[26.9162166,43.761137],[26.9389777,43.7633979],[26.9365306,43.7595079],[26.9632859,43.7479139],[26.9614686,43.7461923],[26.9702577,43.7419305],[26.9679835,43.7378695],[26.9740794,43.7335256],[26.9687612,43.7302235],[26.9686661,43.7263207],[26.9865603,43.7170459],[26.9864204,43.7115789],[27.002187,43.7114156],[27.0019581,43.6916739],[27.0113683,43.6898781],[27.015912,43.6817936],[27.0114877,43.6740224],[27.0138723,43.6710643],[27.0256807,43.6771305],[27.027935,43.6668822],[27.0225106,43.6661544],[27.0303853,43.6650699],[27.0268897,43.6595701],[27.0352517,43.6574505],[27.0285219,43.6507195],[27.002856,43.6538561],[27.0004649,43.6498928],[26.9892364,43.6525272],[26.9799138,43.6382346],[26.9638771,43.6276952],[26.9609811,43.6108437],[26.9573587,43.6060051],[26.9237273,43.5933327],[26.904702,43.5920242],[26.9019362,43.607026],[26.8940325,43.6106688],[26.8853837,43.6013056],[26.8639895,43.5926],[26.8730823,43.5858183],[26.8635134,43.5790714],[26.8697495,43.5713112],[26.8626474,43.5681841],[26.8620916,43.5642274],[26.8532633,43.5604291],[26.8518534,43.5638502],[26.8281606,43.5591498],[26.8279993,43.5648279],[26.8006778,43.5523528],[26.8085359,43.5466445],[26.7956127,43.5273753],[26.8012422,43.5272376],[26.8031217,43.5320608],[26.8068345,43.5322005],[26.8172386,43.5224879],[26.8257972,43.5016505],[26.8117565,43.4943972],[26.80682,43.4865211],[26.800676,43.4888751],[26.7898773,43.4851202],[26.7809799,43.4921148],[26.7697776,43.4891907],[26.7597286,43.4798735],[26.7650355,43.4728452],[26.7634385,43.4703478],[26.7698919,43.4679413],[26.765506,43.4640845],[26.7407114,43.4577095],[26.7330286,43.4589772],[26.728381,43.4545245],[26.7258562,43.4582313],[26.7158094,43.4573077],[26.7195017,43.4473973],[26.7454166,43.4363445],[26.7350136,43.4172972],[26.7285254,43.4151223],[26.7297309,43.4079631],[26.7004135,43.4077032],[26.6959033,43.4017298],[26.6829307,43.406357],[26.6806404,43.4034843],[26.6852417,43.3920175],[26.6825379,43.3839555],[26.6746819,43.3747917],[26.6513155,43.359702],[26.6530305,43.3491105],[26.6453006,43.3396783],[26.6465476,43.3264068],[26.6288937,43.3301581],[26.6042583,43.3291564],[26.5997034,43.3355473],[26.5608583,43.3467776],[26.5452345,43.3477208],[26.5432417,43.3415398],[26.5385486,43.3401855],[26.5275497,43.3453606],[26.487548,43.3472814],[26.4837196,43.3563989],[26.4874709,43.3619639],[26.4768803,43.3623257],[26.4750316,43.3658319],[26.4802777,43.3701095],[26.4690259,43.3840597],[26.4717909,43.3866225],[26.5088985,43.3835534],[26.5096135,43.3889268],[26.5012108,43.3928736],[26.49524,43.410009],[26.476761,43.42194],[26.4659895,43.4229005],[26.4635092,43.4293022],[26.4674775,43.4351],[26.4653668,43.4392344],[26.4735793,43.4372532],[26.4716549,43.4431771],[26.4624681,43.4477968],[26.4376974,43.4476599],[26.4306856,43.4463737],[26.4307904,43.4441137],[26.416135,43.4430288],[26.4024236,43.4361128],[26.3901223,43.4362254],[26.3864981,43.439965],[26.3776486,43.4335074],[26.367741,43.4377226],[26.3693882,43.4440149],[26.3605544,43.445764],[26.3685623,43.4508857],[26.36051,43.4626316],[26.3697232,43.4695655],[26.3773601,43.4855038],[26.3699569,43.490692],[26.3704263,43.4962618],[26.3611897,43.4957219],[26.3436089,43.500605],[26.3447607,43.504922],[26.3385109,43.5047653],[26.3318469,43.5109983],[26.3332469,43.5139795],[26.319301,43.5223602],[26.291627,43.5277763],[26.2823,43.5323208],[26.2812851,43.5391815],[26.2714239,43.5368237],[26.2663844,43.540377],[26.2702083,43.5415387],[26.2676818,43.5497094],[26.2553452,43.5550312],[26.2495841,43.5542924],[26.247162,43.5490616],[26.2305244,43.5511375],[26.2219726,43.5470248],[26.2318458,43.5413295],[26.2193056,43.5356837],[26.2244851,43.5298886],[26.2191286,43.5296587],[26.2221642,43.5223252],[26.2000726,43.525622],[26.2004128,43.5230632],[26.1889807,43.5173895],[26.1841541,43.5234856],[26.1833547,43.5309288],[26.1776655,43.5314703],[26.1832701,43.5376978],[26.1722324,43.5378412],[26.1754269,43.540723],[26.1726639,43.5447359],[26.1680934,43.5492788],[26.1628964,43.5489339],[26.1647005,43.5513561],[26.1536277,43.5587882]]]]}},{"type":"Feature","properties":{"slug":"ruse-oblast","name_bg":"Русе","name_en":"Ruse","source":"OpenStreetMap contributors, ODbL 1.0"},"geometry":{"type":"MultiPolygon","coordinates":[[[[25.4660339,43.5779334],[25.4856904,43.5801803],[25.4868842,43.5840892],[25.4936052,43.5824726],[25.4989872,43.5912866],[25.5012672,43.5895473],[25.5279593,43.5983785],[25.5264926,43.6015657],[25.5389399,43.6090227],[25.5378355,43.6116582],[25.5533549,43.6109457],[25.5528019,43.6291463],[25.5469728,43.6307639],[25.5427357,43.6365869],[25.5436366,43.6412426],[25.5728674,43.645237],[25.6476786,43.6843783],[25.6779627,43.6885014],[25.7290501,43.6877246],[25.748477,43.6935077],[25.783174,43.7107732],[25.8033756,43.7371676],[25.8186467,43.7515632],[25.8264104,43.7561523],[25.8500575,43.7600947],[25.8619812,43.7697482],[25.8780721,43.7762299],[25.887878,43.79442],[25.948544,43.856174],[26.0029971,43.8865578],[26.0608271,43.9083641],[26.0824687,43.946626],[26.1036721,43.9698038],[26.1392898,43.983845],[26.2253367,43.9940115],[26.2699576,44.0089582],[26.2985873,44.0241592],[26.3398075,44.0363932],[26.3523302,44.0357294],[26.3723184,44.0404483],[26.3648043,44.0283346],[26.3654429,44.0260636],[26.3724105,44.0274516],[26.3760701,44.0162103],[26.3974918,44.0146829],[26.3973215,44.0095369],[26.4092217,44.0094683],[26.4063002,43.9939924],[26.4000623,43.9934434],[26.4006701,43.9896638],[26.3953508,43.9878394],[26.3823259,43.9866886],[26.3827329,43.979527],[26.3797015,43.9759244],[26.386945,43.9701181],[26.3869425,43.9558083],[26.3936626,43.9559989],[26.3939111,43.9503088],[26.375232,43.9461291],[26.3762844,43.9412735],[26.3707055,43.9393933],[26.3752083,43.9341926],[26.3686655,43.9336081],[26.3731105,43.8913897],[26.3769264,43.8893777],[26.371969,43.8812324],[26.3727504,43.8749213],[26.3407938,43.8662073],[26.3233177,43.8684018],[26.3181595,43.8639349],[26.3235829,43.8618928],[26.328937,43.8651985],[26.3391701,43.8639842],[26.3339535,43.8613646],[26.3414826,43.8552466],[26.3409604,43.851909],[26.3451953,43.8507034],[26.3437473,43.8465567],[26.3569401,43.8328206],[26.3559324,43.8253165],[26.3470303,43.8163078],[26.3540761,43.8082138],[26.3527246,43.806066],[26.3565594,43.802388],[26.3519812,43.8004147],[26.3588037,43.7901183],[26.351518,43.7776448],[26.3690172,43.773232],[26.3899054,43.7846901],[26.3963004,43.7809657],[26.4038862,43.7838274],[26.4119184,43.7816567],[26.423558,43.7897433],[26.4312664,43.7855771],[26.4382446,43.7883331],[26.4411922,43.781385],[26.4515796,43.7800815],[26.4512054,43.7684384],[26.4557912,43.7692424],[26.4588882,43.7661591],[26.4553614,43.7635551],[26.4568433,43.7583725],[26.4536566,43.7508905],[26.458055,43.7514084],[26.4594738,43.7499909],[26.4528648,43.7429233],[26.4484767,43.7443933],[26.4274295,43.7373365],[26.4296432,43.7292054],[26.4250812,43.7285751],[26.4296694,43.7202005],[26.4275171,43.7139805],[26.4101857,43.6962746],[26.4100511,43.6931616],[26.4187509,43.6934186],[26.4164952,43.6851437],[26.4455167,43.6683531],[26.4484637,43.6617718],[26.4412958,43.6583416],[26.4426188,43.6537841],[26.4339945,43.6517427],[26.4282793,43.6410083],[26.4168937,43.6374003],[26.407566,43.6273893],[26.4066256,43.6311485],[26.3923175,43.6311606],[26.3886974,43.6344238],[26.3713699,43.634045],[26.3703014,43.6322849],[26.3758988,43.6296867],[26.367614,43.6287922],[26.3691435,43.631497],[26.3619234,43.6379894],[26.3506306,43.6389442],[26.3476687,43.633214],[26.3174029,43.6185071],[26.3034355,43.6274679],[26.2917613,43.6277321],[26.2922676,43.6332608],[26.2812914,43.6456444],[26.2859936,43.6535744],[26.2839386,43.658135],[26.2865994,43.657204],[26.2797766,43.6636361],[26.2668455,43.6618517],[26.2676558,43.6589965],[26.274078,43.6579259],[26.2746408,43.6544417],[26.259661,43.6537669],[26.2471595,43.6622793],[26.2427497,43.6628243],[26.2394761,43.6583262],[26.2361054,43.6596584],[26.241393,43.667681],[26.2386708,43.6720753],[26.2244776,43.6637122],[26.2310957,43.6617405],[26.2297704,43.6593733],[26.2238212,43.6579177],[26.2176259,43.6610421],[26.2236577,43.6459831],[26.2035622,43.6387159],[26.2006485,43.6441101],[26.1942752,43.6382984],[26.1977379,43.6357909],[26.1631472,43.6357866],[26.164958,43.6309958],[26.1586211,43.581103],[26.1609324,43.5780478],[26.1586313,43.5788267],[26.1550951,43.5710336],[26.1533873,43.5598715],[26.1565416,43.5544338],[26.1647005,43.5513561],[26.1628964,43.5489339],[26.1680934,43.5492788],[26.1753519,43.5416455],[26.1722324,43.5378412],[26.1832701,43.5376978],[26.1776655,43.5314703],[26.1833547,43.5309288],[26.1841541,43.5234856],[26.1889807,43.5173895],[26.1732961,43.5166148],[26.1385584,43.528626],[26.1188156,43.5205056],[26.1131514,43.5242997],[26.0954999,43.5244847],[26.0775848,43.51554],[26.0674032,43.5178893],[26.0462725,43.513145],[26.0446421,43.5150134],[26.0402196,43.4954806],[26.0323675,43.4871179],[26.0441756,43.4760592],[26.0298433,43.4644329],[26.0315953,43.4629081],[26.027393,43.4573046],[26.0300014,43.450274],[26.0236334,43.4457734],[26.0127918,43.4463821],[26.0140521,43.4423059],[25.9999475,43.4338286],[25.9985436,43.4295144],[25.993335,43.4287116],[25.9934639,43.4242747],[25.9823796,43.4065352],[25.9638141,43.403235],[25.9526185,43.4083522],[25.9486646,43.4063848],[25.9452008,43.4026544],[25.9475117,43.3938006],[25.9418746,43.3802148],[25.9241183,43.3743521],[25.9182296,43.3809203],[25.9139249,43.3776924],[25.9015586,43.3780489],[25.8968294,43.3709811],[25.8791534,43.3665121],[25.8739044,43.369377],[25.872329,43.3662],[25.8639258,43.3643956],[25.8618969,43.3592684],[25.8466972,43.3642057],[25.8443844,43.3686039],[25.8197733,43.370534],[25.804589,43.3680066],[25.8040815,43.3722811],[25.7878506,43.3735441],[25.7806004,43.3802197],[25.7562331,43.3834363],[25.7568741,43.3878814],[25.7493517,43.3849095],[25.7503893,43.3828475],[25.7366367,43.3842951],[25.725297,43.3900627],[25.7170741,43.409367],[25.7056261,43.4093155],[25.7056275,43.4178756],[25.6767221,43.418332],[25.6794121,43.4072104],[25.6707743,43.4000575],[25.6700348,43.3946432],[25.6482249,43.3951583],[25.6486352,43.3985495],[25.6249886,43.3983329],[25.6165722,43.4078974],[25.606247,43.4066875],[25.6032163,43.4202588],[25.5881258,43.4240707],[25.5871509,43.4268428],[25.5835825,43.4254212],[25.5848942,43.4284799],[25.5738681,43.4331674],[25.5554744,43.4363181],[25.5540019,43.441489],[25.5412536,43.442904],[25.5407893,43.4477438],[25.5652389,43.4574611],[25.5612522,43.474519],[25.5636654,43.497375],[25.5707281,43.5045606],[25.547706,43.5168793],[25.5455317,43.5104485],[25.5340739,43.5107053],[25.5326377,43.504184],[25.505918,43.5114973],[25.5176001,43.5226301],[25.5044468,43.5295191],[25.5016508,43.5359725],[25.4841822,43.5394871],[25.4820375,43.547421],[25.4685418,43.5520205],[25.4758621,43.5571093],[25.457618,43.5708875],[25.4616603,43.5697629],[25.4660339,43.5779334]]],[[[25.9463135,43.33254],[25.9407473,43.348085],[25.9462911,43.3504815],[25.9415148,43.354178],[25.9441364,43.3549127],[25.9408658,43.3607073],[25.9591121,43.3695695],[25.9696505,43.3666193],[25.9848103,43.3703749],[25.9943485,43.3669928],[25.9967942,43.3630464],[26.0058116,43.3665119],[26.0159205,43.3580008],[26.0117747,43.3423712],[26.0179689,43.3338039],[26.0082904,43.334299],[26.008314,43.3321139],[26.0192909,43.3308821],[26.0371795,43.3356212],[26.0136095,43.326793],[26.0003376,43.3284509],[26.0045844,43.3187513],[26.001425,43.3171682],[25.9511903,43.3258283],[25.9463135,43.33254]]]]}},{"type":"Feature","properties":{"slug":"silistra-oblast","name_bg":"Силистра","name_en":"Silistra","source":"OpenStreetMap contributors, ODbL 1.0"},"geometry":{"type":"MultiPolygon","coordinates":[[[[26.3723184,44.0404483],[26.3997332,44.0412325],[26.4216262,44.0355389],[26.5008259,44.0444604],[26.5653159,44.0580312],[26.6057432,44.0533284],[26.6359022,44.0590597],[26.7051723,44.080911],[26.7379546,44.0749994],[26.7551104,44.0759298],[26.7838794,44.0846007],[26.8303851,44.1065198],[26.9393602,44.1384235],[26.9880846,44.1316378],[27.0464712,44.1485772],[27.0503486,44.1412712],[27.058802,44.1368023],[27.0849323,44.133647],[27.1027557,44.1383602],[27.1477833,44.1405656],[27.1653617,44.1348194],[27.1866238,44.1198732],[27.1999145,44.1168266],[27.2350074,44.115683],[27.2734462,44.1276044],[27.278899,44.1234929],[27.2767686,44.1151585],[27.2843107,44.1096808],[27.2766323,44.1056439],[27.2773388,44.09882],[27.2901799,44.0841565],[27.2909253,44.0752419],[27.3561816,44.0586571],[27.3709495,44.0389334],[27.3993289,44.0122459],[27.46913,44.02252],[27.611894,44.012246],[27.644655,44.047358],[27.673591,44.029823],[27.6955887,43.9873828],[27.6585681,43.9793962],[27.6418189,43.969428],[27.6451005,43.9598584],[27.6540066,43.9498816],[27.6368727,43.9434207],[27.6414284,43.9366312],[27.631697,43.9267725],[27.6294141,43.9264447],[27.6292154,43.9320881],[27.6249577,43.9334089],[27.6155937,43.92508],[27.6198065,43.918984],[27.6317474,43.9179814],[27.6289026,43.906392],[27.6159627,43.9022506],[27.6198342,43.8969634],[27.6012308,43.8970634],[27.5954072,43.8909012],[27.5927751,43.8896549],[27.595761,43.8925622],[27.5726864,43.9125833],[27.5667276,43.9160266],[27.5432372,43.9184584],[27.5414922,43.9050411],[27.5373659,43.9045621],[27.5377173,43.8996709],[27.5299069,43.8990066],[27.5313015,43.8889506],[27.5403684,43.8824495],[27.5227183,43.872976],[27.5333256,43.8645005],[27.5218485,43.8645869],[27.520731,43.8570605],[27.5244608,43.8561604],[27.5245482,43.8495708],[27.5160473,43.8472015],[27.5125343,43.8504608],[27.5009508,43.8452193],[27.5040663,43.8392947],[27.4853072,43.8396063],[27.4813002,43.8478145],[27.4726976,43.8468441],[27.4680058,43.8603737],[27.4601226,43.8599131],[27.4599749,43.8636761],[27.4526364,43.8656653],[27.4545996,43.8696323],[27.4516985,43.8714021],[27.444507,43.8659747],[27.4444751,43.8596548],[27.4188859,43.8478408],[27.4060226,43.8542816],[27.39533,43.8531821],[27.3956273,43.8442862],[27.383541,43.8299454],[27.3835371,43.8239452],[27.3784006,43.8246514],[27.373036,43.8154357],[27.3734382,43.8188245],[27.3528695,43.8145274],[27.3517961,43.8056869],[27.3191009,43.8076148],[27.3255385,43.811668],[27.3343337,43.8095995],[27.3513616,43.8120908],[27.3517562,43.8155353],[27.3445323,43.8172729],[27.3399862,43.8135496],[27.3248069,43.8128529],[27.3169706,43.8078213],[27.3177972,43.8035338],[27.2949227,43.8055866],[27.2899427,43.7988028],[27.2776309,43.7999102],[27.280136,43.795197],[27.2703358,43.7931206],[27.265227,43.7836843],[27.2680267,43.7795363],[27.2555473,43.7802996],[27.2543592,43.7772724],[27.2584798,43.772218],[27.2475852,43.7745348],[27.2462488,43.7653691],[27.2332926,43.7637069],[27.238075,43.762575],[27.2330825,43.7582488],[27.235831,43.7538765],[27.2306124,43.7516057],[27.2339117,43.7481386],[27.2272201,43.7482653],[27.2216481,43.7538235],[27.2122689,43.7476671],[27.2086889,43.7401194],[27.210707,43.7292072],[27.2025537,43.7271116],[27.2096062,43.7212007],[27.2095223,43.7151105],[27.1985491,43.7057238],[27.2060295,43.7037722],[27.2083488,43.697355],[27.2157177,43.6920566],[27.2238984,43.6905029],[27.2338741,43.6786312],[27.2333144,43.6635211],[27.2255651,43.6628147],[27.1921377,43.6731318],[27.1821308,43.6720317],[27.1782487,43.6794374],[27.1553095,43.6725985],[27.1525708,43.6685617],[27.1437229,43.6686697],[27.1270322,43.6799589],[27.1270837,43.6834311],[27.1076247,43.684002],[27.1074606,43.7058983],[27.1298137,43.7107312],[27.1269558,43.7180385],[27.1096934,43.7115429],[27.0637226,43.7207365],[27.0555504,43.7162069],[27.0588251,43.7127675],[27.0195957,43.6979983],[27.0018892,43.6969264],[27.002187,43.7114156],[26.9864204,43.7115789],[26.9865603,43.7170459],[26.9686661,43.7263207],[26.9687612,43.7302235],[26.9740794,43.7335256],[26.9679835,43.7378695],[26.9702577,43.7419305],[26.9614686,43.7461923],[26.9635018,43.7477922],[26.9365306,43.7595079],[26.9389777,43.7633979],[26.9162166,43.761137],[26.9138307,43.7739241],[26.905561,43.7828204],[26.9028299,43.795015],[26.8945729,43.7991573],[26.8961928,43.8019291],[26.8597512,43.8046642],[26.857387,43.8226515],[26.8520548,43.8230297],[26.8415286,43.8305177],[26.8374603,43.8400986],[26.8411439,43.8443732],[26.8342848,43.8484185],[26.8285592,43.8400805],[26.8233671,43.8369126],[26.82075,43.8386233],[26.8151831,43.8242382],[26.8079915,43.8219508],[26.7962171,43.8312561],[26.7900124,43.8252261],[26.7923931,43.8182797],[26.7775478,43.8213841],[26.7795839,43.8157518],[26.7755253,43.8141887],[26.7845315,43.8155631],[26.7748794,43.8112212],[26.7717105,43.8120975],[26.7712998,43.8167391],[26.7763107,43.8180249],[26.7751016,43.8198487],[26.7525432,43.8217544],[26.7602119,43.8248838],[26.7525764,43.8298878],[26.75643,43.8341157],[26.7522872,43.8419908],[26.7595872,43.8424938],[26.7635968,43.8448],[26.7454163,43.8431597],[26.7457018,43.8478112],[26.7280878,43.8489517],[26.7288623,43.8547751],[26.735544,43.8576089],[26.7237297,43.8584639],[26.7238281,43.8395136],[26.7063816,43.84788],[26.6990296,43.8455269],[26.6796423,43.8505139],[26.6770329,43.8551799],[26.6635505,43.8615693],[26.6654423,43.8635658],[26.6512644,43.8700948],[26.6469037,43.8689942],[26.6480778,43.8610596],[26.6408208,43.8602433],[26.6398547,43.8701506],[26.6209037,43.8739562],[26.6206646,43.8770231],[26.5865535,43.883185],[26.5840656,43.8890561],[26.5963197,43.8905295],[26.5920108,43.9037876],[26.5994041,43.9050158],[26.598784,43.9145496],[26.5803454,43.9212213],[26.571861,43.9283269],[26.5726432,43.9330153],[26.5489088,43.9332931],[26.549362,43.935862],[26.5464009,43.9358467],[26.5438671,43.9283421],[26.5103965,43.9147511],[26.508693,43.9250814],[26.4947728,43.9232218],[26.477303,43.9403134],[26.4742505,43.951344],[26.4605943,43.9463696],[26.4626124,43.9433692],[26.4605681,43.9432765],[26.4539025,43.9510395],[26.4356468,43.948811],[26.4304957,43.9525976],[26.4166437,43.9465454],[26.4142911,43.94937],[26.4068925,43.9464996],[26.3892298,43.9481456],[26.3892343,43.9504968],[26.3938955,43.9501786],[26.3938445,43.9557523],[26.3869425,43.9558083],[26.386945,43.9701181],[26.3797015,43.9759244],[26.3827329,43.979527],[26.3823259,43.9866886],[26.3953508,43.9878394],[26.4006701,43.9896638],[26.4000623,43.9934434],[26.4063002,43.9939924],[26.4092217,44.0094683],[26.3973215,44.0095369],[26.3974918,44.0146829],[26.3760701,44.0162103],[26.3724105,44.0274516],[26.3654429,44.0260636],[26.3648043,44.0283346],[26.3723184,44.0404483]]]]}},{"type":"Feature","properties":{"slug":"sliven-oblast","name_bg":"Сливен","name_en":"Sliven","source":"OpenStreetMap contributors, ODbL 1.0"},"geometry":{"type":"MultiPolygon","coordinates":[[[[25.8113672,42.7546861],[25.80792,42.763737],[25.822716,42.761277],[25.836516,42.76844],[25.846099,42.769344],[25.844782,42.773283],[25.837501,42.777232],[25.855249,42.783571],[25.868399,42.78032],[25.878553,42.78231],[25.879112,42.788097],[25.883003,42.790843],[25.899082,42.789042],[25.927494,42.792697],[25.936103,42.786742],[25.957506,42.789072],[25.964428,42.782042],[25.983285,42.795132],[26.00509,42.796916],[26.007391,42.801142],[26.018572,42.806462],[26.019677,42.813145],[26.040594,42.816663],[26.051892,42.822306],[26.058168,42.82585],[26.056678,42.836088],[26.065669,42.848767],[26.058365,42.857177],[26.036362,42.868708],[26.038642,42.870781],[26.05035,42.866528],[26.049476,42.868958],[26.062616,42.870712],[26.072951,42.87923],[26.09456,42.882311],[26.103922,42.8926],[26.113025,42.897369],[26.133076,42.896499],[26.140345,42.900647],[26.143872,42.898594],[26.150015,42.901045],[26.161116,42.9164],[26.164905,42.916027],[26.174173,42.930969],[26.167976,42.931156],[26.17196,42.938824],[26.164686,42.947255],[26.165152,42.95143],[26.178406,42.951542],[26.1855205,42.9662547],[26.1916642,42.9707035],[26.1886622,42.9728654],[26.233453,42.9663534],[26.2472512,42.9801852],[26.2446502,42.9820443],[26.2504008,42.9963824],[26.2452322,43.0059483],[26.2465713,43.0096496],[26.2586251,43.0100946],[26.2719168,43.0168308],[26.2808565,43.0175812],[26.2801021,43.0256269],[26.276055,43.0276334],[26.2782798,43.0299459],[26.2990919,43.0233309],[26.3146006,43.0292173],[26.3179224,43.0343803],[26.3257967,43.0352061],[26.3261864,43.0387185],[26.3357162,43.0350542],[26.3441453,43.036345],[26.3503469,43.0320046],[26.3603811,43.0343214],[26.3593095,43.0298415],[26.3620737,43.0298022],[26.3576148,43.0253581],[26.3602141,43.0245101],[26.3499153,43.019488],[26.3549623,43.0166245],[26.3723836,43.0200501],[26.3820609,43.0290432],[26.397022,43.0207866],[26.4054832,43.0241969],[26.4085491,43.0203027],[26.4063319,43.0187773],[26.4104884,43.017678],[26.4057168,43.0128882],[26.413808,43.0123912],[26.4113164,43.0106142],[26.4155793,43.0093552],[26.4143109,43.0067561],[26.4236881,43.0076256],[26.4256945,43.0059873],[26.4222277,43.0051321],[26.4316245,43.0030909],[26.4331441,42.9985809],[26.4443563,42.9958919],[26.4511894,43.0000977],[26.4711073,43.0009864],[26.4815275,43.005693],[26.4874646,43.003982],[26.4811155,43.0104485],[26.485702,43.0108651],[26.4820257,43.0124737],[26.4844733,43.0160678],[26.4907746,43.0137276],[26.4874901,43.0071415],[26.4901594,43.0112756],[26.5001648,43.0129596],[26.5007122,43.0126547],[26.500999,43.0114472],[26.5026629,43.0091193],[26.5032151,43.0071694],[26.5035745,43.006859],[26.5033931,43.0134096],[26.507181,43.0138365],[26.5044364,43.0140441],[26.5034983,43.0145621],[26.5161596,43.0168465],[26.517643,43.0110902],[26.5070446,43.013517],[26.5146009,43.0113646],[26.5097724,43.0099337],[26.5136108,43.009775],[26.5105388,43.0078442],[26.5210549,43.0104787],[26.5205234,43.0070113],[26.5253844,43.0060387],[26.5241971,43.0100064],[26.5350637,43.011799],[26.5342024,43.0070908],[26.5798215,42.9903795],[26.5801016,42.9876551],[26.56779,42.978141],[26.571524,42.976502],[26.561005,42.971062],[26.557043,42.954091],[26.550702,42.948052],[26.5562,42.943183],[26.559129,42.932649],[26.554388,42.928361],[26.556754,42.923556],[26.564741,42.927579],[26.588281,42.920961],[26.597098,42.913191],[26.603303,42.912897],[26.602578,42.904496],[26.597066,42.896035],[26.598489,42.886686],[26.588469,42.885668],[26.583668,42.874784],[26.584055,42.869427],[26.59065,42.866655],[26.588559,42.860669],[26.5968853,42.8527524],[26.597745,42.848147],[26.599004,42.839798],[26.596799,42.84089],[26.597333,42.83782],[26.591173,42.834143],[26.603082,42.827711],[26.596555,42.826941],[26.593835,42.822378],[26.578653,42.81485],[26.588046,42.814824],[26.600683,42.807969],[26.60195,42.805127],[26.597091,42.804019],[26.599323,42.801588],[26.594463,42.800826],[26.611635,42.789834],[26.609533,42.779802],[26.598773,42.783286],[26.598078,42.779046],[26.607565,42.774331],[26.631072,42.77112],[26.636201,42.7656],[26.649165,42.761895],[26.653082,42.756364],[26.666025,42.759302],[26.672456,42.749704],[26.669431,42.748449],[26.66832,42.744374],[26.686832,42.743973],[26.682237,42.741739],[26.686653,42.725493],[26.698432,42.718369],[26.710428,42.723058],[26.711385,42.718934],[26.707917,42.716398],[26.710068,42.712949],[26.715031,42.714333],[26.714567,42.704201],[26.706285,42.705273],[26.706254,42.694956],[26.715256,42.684964],[26.701717,42.68621],[26.671936,42.697651],[26.64961,42.694803],[26.653002,42.691076],[26.638756,42.692594],[26.637133,42.689931],[26.642985,42.680024],[26.651391,42.676758],[26.668726,42.676802],[26.671589,42.670747],[26.668236,42.659504],[26.672494,42.637425],[26.664736,42.637442],[26.664251,42.632329],[26.656922,42.631818],[26.659963,42.617363],[26.644869,42.617754],[26.64498,42.611183],[26.618376,42.613638],[26.626179,42.623003],[26.634541,42.62203],[26.634889,42.624334],[26.622056,42.626992],[26.614106,42.624006],[26.611025,42.603172],[26.600566,42.597075],[26.574929,42.593691],[26.577944,42.584836],[26.583771,42.583024],[26.552043,42.56821],[26.52365,42.573197],[26.522268,42.578392],[26.513525,42.577918],[26.517169,42.573672],[26.501895,42.569279],[26.49521,42.560216],[26.496619,42.557449],[26.479071,42.556593],[26.478089,42.553178],[26.461696,42.550266],[26.440126,42.56124],[26.434986,42.569328],[26.426244,42.57423],[26.418574,42.565291],[26.423181,42.563993],[26.422308,42.560938],[26.409552,42.556848],[26.413195,42.553599],[26.412779,42.54844],[26.398584,42.540204],[26.391584,42.539683],[26.392606,42.532404],[26.396828,42.529646],[26.397718,42.51798],[26.410134,42.508325],[26.404646,42.497458],[26.377835,42.495408],[26.36945,42.478349],[26.358338,42.477549],[26.358749,42.464809],[26.361376,42.462292],[26.338562,42.464805],[26.33379,42.458685],[26.340706,42.454142],[26.32542,42.449486],[26.321834,42.453962],[26.314501,42.450814],[26.315669,42.448755],[26.302619,42.448659],[26.300808,42.457654],[26.285708,42.459858],[26.287197,42.45175],[26.271854,42.45232],[26.271774,42.46113],[26.264808,42.460094],[26.262552,42.465151],[26.252492,42.470435],[26.246944,42.472436],[26.238474,42.467639],[26.232429,42.469777],[26.225214,42.456848],[26.232345,42.454342],[26.236771,42.427335],[26.235313,42.417235],[26.24227,42.414186],[26.225263,42.401673],[26.211969,42.407586],[26.191864,42.408249],[26.192628,42.411355],[26.185695,42.415434],[26.179053,42.4151],[26.185227,42.403739],[26.181025,42.402696],[26.183333,42.393911],[26.188126,42.389778],[26.184801,42.387255],[26.187447,42.37623],[26.183284,42.373249],[26.187035,42.37331],[26.190632,42.368336],[26.185517,42.366807],[26.186106,42.361325],[26.193979,42.359534],[26.219049,42.36626],[26.218924,42.378628],[26.227042,42.381191],[26.240106,42.377699],[26.259891,42.366278],[26.250795,42.365639],[26.250934,42.361278],[26.231064,42.344423],[26.233148,42.343436],[26.224954,42.327416],[26.22543,42.317085],[26.215082,42.317433],[26.213381,42.307414],[26.204448,42.303284],[26.204287,42.285403],[26.189518,42.285425],[26.175719,42.261456],[26.171336,42.260366],[26.171301,42.262648],[26.160558,42.265112],[26.158697,42.261891],[26.14462,42.260479],[26.144667,42.264887],[26.13728,42.265959],[26.135335,42.247035],[26.12698,42.244789],[26.123012,42.252075],[26.105533,42.247904],[26.089389,42.257788],[26.094237,42.261989],[26.081777,42.266729],[26.056357,42.269254],[26.05008,42.275379],[26.049857,42.285244],[26.02581,42.287685],[26.024219,42.284106],[26.009201,42.281258],[25.991598,42.283292],[25.988071,42.292077],[25.991214,42.30696],[25.986038,42.307692],[25.985858,42.31946],[25.948856,42.321592],[25.947917,42.319102],[25.930446,42.322275],[25.937722,42.344428],[25.931893,42.34487],[25.93348,42.356717],[25.926558,42.356342],[25.908916,42.366498],[25.90068,42.385404],[25.904829,42.387669],[25.898326,42.420009],[25.883494,42.420699],[25.873702,42.445755],[25.882713,42.447245],[25.879423,42.456996],[25.911117,42.464832],[25.907073,42.470654],[25.914373,42.472557],[25.899092,42.495413],[25.894727,42.496951],[25.882474,42.512929],[25.877138,42.510499],[25.875333,42.523072],[25.862248,42.537961],[25.860474,42.536726],[25.847734,42.548032],[25.844788,42.556874],[25.859647,42.555182],[25.866991,42.559309],[25.878931,42.557736],[25.885641,42.560053],[25.899049,42.571913],[25.895368,42.576987],[25.902914,42.582967],[25.911745,42.582457],[25.90682,42.589364],[25.899708,42.59247],[25.884969,42.587163],[25.885152,42.596917],[25.873316,42.600264],[25.865895,42.611173],[25.864164,42.618475],[25.867392,42.622172],[25.858961,42.62824],[25.855314,42.640035],[25.86088,42.647379],[25.866015,42.648971],[25.867755,42.656767],[25.860841,42.660652],[25.857093,42.675122],[25.845916,42.690529],[25.842012,42.691644],[25.84287,42.699255],[25.834923,42.720988],[25.836129,42.726582],[25.819975,42.73566],[25.817864,42.740837],[25.822069,42.747201],[25.815221,42.747539],[25.8113672,42.7546861]]]]}},{"type":"Feature","properties":{"slug":"smolyan-oblast","name_bg":"Смолян","name_en":"Smolyan","source":"OpenStreetMap contributors, ODbL 1.0"},"geometry":{"type":"MultiPolygon","coordinates":[[[[24.0602367,41.5218294],[24.057644,41.529931],[24.06496,41.53396],[24.065613,41.538107],[24.060912,41.544958],[24.0702,41.551019],[24.07375,41.573245],[24.076871,41.577359],[24.082688,41.578125],[24.083593,41.582312],[24.08932,41.585986],[24.10331,41.585312],[24.115053,41.589844],[24.114878,41.595788],[24.111181,41.597791],[24.092295,41.594517],[24.081899,41.604754],[24.085377,41.613698],[24.08445,41.623144],[24.096254,41.627702],[24.109589,41.652162],[24.096856,41.665138],[24.074468,41.672734],[24.093627,41.684609],[24.100161,41.692949],[24.096392,41.693571],[24.096719,41.697012],[24.114565,41.703335],[24.107817,41.711192],[24.124352,41.708391],[24.137174,41.716958],[24.144216,41.713273],[24.142855,41.718595],[24.149405,41.722632],[24.160726,41.726465],[24.165064,41.723204],[24.174718,41.740159],[24.181078,41.738374],[24.180574,41.727255],[24.191771,41.720376],[24.197706,41.720254],[24.197839,41.72315],[24.205591,41.71919],[24.234259,41.721204],[24.240217,41.713548],[24.248258,41.712591],[24.251591,41.706858],[24.255671,41.712503],[24.269842,41.707861],[24.27601,41.718079],[24.29575,41.720685],[24.298818,41.72795],[24.295904,41.740187],[24.30028,41.742253],[24.301462,41.748227],[24.308301,41.754423],[24.313806,41.754278],[24.31529,41.749512],[24.326737,41.756664],[24.323951,41.763362],[24.31482,41.771036],[24.313341,41.780889],[24.321705,41.792424],[24.319149,41.798873],[24.321795,41.806005],[24.3331,41.817653],[24.330764,41.827869],[24.333487,41.832254],[24.345232,41.831477],[24.361788,41.859991],[24.371206,41.857824],[24.377561,41.859414],[24.381044,41.864693],[24.399091,41.8645],[24.415205,41.871637],[24.421486,41.870925],[24.420095,41.879551],[24.425781,41.884667],[24.423363,41.889663],[24.437767,41.89882],[24.444106,41.898922],[24.440512,41.903331],[24.448781,41.903326],[24.44749,41.90716],[24.438223,41.909052],[24.440755,41.915297],[24.433296,41.920111],[24.437144,41.92356],[24.426983,41.926907],[24.433545,41.932001],[24.437509,41.929301],[24.441637,41.93154],[24.439949,41.935194],[24.433632,41.937045],[24.439825,41.938268],[24.448376,41.931427],[24.452663,41.921426],[24.464497,41.923723],[24.47234,41.920048],[24.50985,41.918678],[24.520171,41.908128],[24.518768,41.89393],[24.531821,41.885277],[24.538317,41.885491],[24.548102,41.879977],[24.549321,41.871657],[24.557565,41.878118],[24.568531,41.876936],[24.579464,41.883324],[24.59135,41.884691],[24.599047,41.890896],[24.61809,41.893541],[24.628479,41.903719],[24.643908,41.902832],[24.663532,41.907488],[24.692773,41.903603],[24.696862,41.900057],[24.707305,41.898984],[24.713033,41.891683],[24.71988,41.891435],[24.721025,41.887602],[24.735669,41.893261],[24.746784,41.888772],[24.745107,41.885053],[24.75287,41.887635],[24.755259,41.885081],[24.76195,41.872042],[24.760364,41.86574],[24.766411,41.861719],[24.77444,41.844529],[24.783444,41.840405],[24.771239,41.82813],[24.779068,41.823406],[24.766488,41.824349],[24.767178,41.816524],[24.759968,41.814259],[24.757309,41.804066],[24.740671,41.802812],[24.736111,41.799853],[24.74558,41.790672],[24.748992,41.781358],[24.766697,41.778419],[24.769437,41.764643],[24.783408,41.767734],[24.807323,41.763557],[24.803924,41.754774],[24.796032,41.748877],[24.797844,41.745457],[24.785907,41.725872],[24.789771,41.718752],[24.79949,41.718846],[24.800481,41.711329],[24.805908,41.712077],[24.812598,41.70596],[24.832594,41.703564],[24.833767,41.700293],[24.828068,41.692835],[24.836338,41.693501],[24.835426,41.687615],[24.842785,41.683083],[24.848594,41.683672],[24.85166,41.688146],[24.852154,41.700052],[24.856749,41.70583],[24.870794,41.707098],[24.880276,41.713613],[24.891415,41.7139],[24.899908,41.707896],[24.907159,41.712318],[24.914691,41.724023],[24.911733,41.732264],[24.914477,41.741298],[24.932502,41.745741],[24.941373,41.739098],[24.940454,41.743915],[24.944116,41.744698],[24.944385,41.739355],[24.953374,41.73769],[24.9599,41.732654],[24.964388,41.734031],[24.96836,41.744079],[24.957657,41.743401],[24.957822,41.747712],[24.964155,41.750734],[24.953487,41.766235],[24.954657,41.774729],[24.962334,41.785184],[24.959047,41.789361],[24.959753,41.795332],[24.964699,41.801524],[24.964129,41.805573],[24.97576,41.813206],[24.988421,41.829333],[24.999203,41.832742],[25.001864,41.839178],[25.013922,41.827098],[25.03284,41.819578],[25.035329,41.812972],[25.028521,41.80406],[25.03285,41.800135],[25.050003,41.798205],[25.061322,41.804421],[25.074799,41.801684],[25.072485,41.791406],[25.055708,41.773027],[25.051156,41.749331],[25.057039,41.736925],[25.069211,41.739743],[25.069745,41.733855],[25.077935,41.727106],[25.068375,41.716157],[25.07305,41.712599],[25.074973,41.700584],[25.080749,41.695595],[25.077203,41.684793],[25.089187,41.681449],[25.082007,41.675911],[25.091401,41.658415],[25.085365,41.641109],[25.094,41.63707],[25.099255,41.620904],[25.095602,41.621424],[25.098028,41.617158],[25.094026,41.612985],[25.090913,41.61688],[25.089552,41.611422],[25.078457,41.611086],[25.071284,41.60335],[25.062958,41.602107],[25.065223,41.59751],[25.057774,41.599862],[25.05883,41.594252],[25.053232,41.596847],[25.050243,41.58951],[25.040006,41.587995],[25.023783,41.590965],[25.017985,41.58726],[25.012539,41.590756],[25.003091,41.583667],[25.009105,41.580746],[25.006981,41.570952],[24.999109,41.567292],[25.021819,41.553475],[25.025134,41.539966],[25.021646,41.537526],[25.025416,41.526926],[25.021114,41.52505],[25.032526,41.515215],[25.049775,41.506627],[25.05187,41.497466],[25.060437,41.489553],[25.080836,41.491005],[25.08316,41.497084],[25.079383,41.500474],[25.084839,41.503107],[25.08301,41.505855],[25.090429,41.516545],[25.103586,41.526664],[25.123552,41.519836],[25.130581,41.514409],[25.142171,41.514757],[25.153563,41.502619],[25.166878,41.499438],[25.167553,41.491338],[25.172668,41.484348],[25.164248,41.467023],[25.165366,41.458114],[25.146863,41.436882],[25.152172,41.434632],[25.165253,41.438426],[25.175606,41.436262],[25.175784,41.430973],[25.168384,41.432933],[25.166128,41.429848],[25.167751,41.423022],[25.177104,41.419665],[25.1678,41.413197],[25.155474,41.413638],[25.151711,41.403166],[25.157504,41.402655],[25.1580548,41.387882],[25.1610078,41.385615],[25.1535258,41.376795],[25.1418828,41.37478],[25.1406338,41.360153],[25.1293048,41.357059],[25.1268528,41.352032],[25.1299578,41.348907],[25.1269378,41.347377],[25.1359558,41.340623],[25.1582078,41.33711],[25.1587038,41.332622],[25.1792158,41.321063],[25.1795758,41.311148],[25.1701283,41.3133604],[25.1651155,41.3105948],[25.1599231,41.3180784],[25.1516343,41.315145],[25.1434199,41.3229184],[25.1327368,41.3229339],[25.1228822,41.3339385],[25.1265297,41.3422249],[25.1115625,41.3423532],[25.0987088,41.3340457],[25.0926414,41.3392557],[25.0827426,41.3381332],[25.0665431,41.3517596],[25.0647282,41.3605925],[25.0573521,41.3616805],[25.0559466,41.3656772],[25.041724,41.3674326],[25.0340208,41.3650902],[24.9892543,41.376734],[24.9768784,41.376056],[24.9523308,41.3877282],[24.9401843,41.3865401],[24.9191699,41.4029142],[24.9170617,41.4082864],[24.8985692,41.4070492],[24.8857455,41.3986366],[24.8821476,41.3925277],[24.8688061,41.3909653],[24.853206,41.3989185],[24.8196056,41.4010813],[24.8227571,41.3853679],[24.8144996,41.370408],[24.8176485,41.3640772],[24.8166536,41.3545788],[24.8128697,41.349147],[24.8022124,41.3469095],[24.7890847,41.3592361],[24.7663277,41.3675804],[24.7605469,41.372681],[24.7621595,41.3763093],[24.7478109,41.3802947],[24.7359909,41.3980428],[24.7361849,41.4094367],[24.7307309,41.4161308],[24.7089003,41.4211935],[24.6933833,41.4182086],[24.6824262,41.4249759],[24.6738612,41.4179841],[24.6613072,41.4187513],[24.6600705,41.4158374],[24.6580745,41.4269839],[24.6644044,41.4325242],[24.6576368,41.4351824],[24.6492152,41.4348533],[24.642319,41.4307843],[24.6279931,41.4318561],[24.6175135,41.4240318],[24.6080919,41.4276786],[24.6062465,41.4341119],[24.6007987,41.4349946],[24.5976332,41.4408039],[24.5961203,41.4527348],[24.5995682,41.4562679],[24.5948676,41.4672157],[24.586955,41.4677951],[24.5826161,41.4730223],[24.5723999,41.4750688],[24.5688568,41.4913584],[24.5588407,41.5017315],[24.5624144,41.507043],[24.5626355,41.5172643],[24.5556628,41.5245141],[24.5579502,41.5270479],[24.5561485,41.5307161],[24.5461792,41.5392639],[24.5534349,41.5505873],[24.5429461,41.557825],[24.5353816,41.5551141],[24.5330084,41.55769],[24.5351392,41.5650787],[24.5253994,41.5687475],[24.5094768,41.5585307],[24.4990387,41.5586617],[24.4946439,41.5536137],[24.4836562,41.5574719],[24.4829337,41.5540052],[24.4764925,41.5529126],[24.4696637,41.5449922],[24.4639025,41.5447678],[24.4609727,41.5385461],[24.4631213,41.5284826],[24.4501098,41.5218399],[24.4408015,41.5293794],[24.4341624,41.5262878],[24.4248219,41.5296529],[24.4165378,41.5285917],[24.4121874,41.5308403],[24.4102036,41.5381417],[24.3948913,41.5390985],[24.3932943,41.5350285],[24.3835656,41.5361],[24.3744032,41.5230722],[24.3685915,41.5223341],[24.3697682,41.5177268],[24.3616111,41.5164052],[24.3572384,41.5216674],[24.3376207,41.5267606],[24.3314443,41.5204253],[24.3169603,41.5182407],[24.3150588,41.5132771],[24.3048644,41.5104345],[24.2987793,41.518217],[24.2998244,41.5235953],[24.2950308,41.5251405],[24.3031948,41.5380126],[24.2869588,41.5518704],[24.2719917,41.5575695],[24.270167,41.5602239],[24.2754528,41.5680551],[24.2615435,41.5736675],[24.2591986,41.5700985],[24.2537919,41.5700057],[24.2405506,41.5622809],[24.2407126,41.5574261],[24.2292392,41.5467492],[24.2124055,41.5523104],[24.2087616,41.5486934],[24.2097526,41.5435984],[24.1974677,41.5388315],[24.1952215,41.532609],[24.1898547,41.5315304],[24.1943019,41.521192],[24.18693,41.5153107],[24.1723313,41.516272],[24.1744308,41.5230931],[24.1610622,41.5288127],[24.1606633,41.5361042],[24.1580122,41.5374667],[24.1498046,41.5389659],[24.1334749,41.5333666],[24.1317214,41.5410336],[24.1162244,41.539751],[24.1066976,41.5435122],[24.1014359,41.5505118],[24.076927,41.5416028],[24.0753803,41.5311036],[24.0634735,41.5268024],[24.0602367,41.5218294]]]]}},{"type":"Feature","properties":{"slug":"sofiyska-oblast","name_bg":"Софийска","name_en":"Sofia","source":"OpenStreetMap contributors, ODbL 1.0"},"geometry":{"type":"MultiPolygon","coordinates":[[[[22.7484614,42.8898527],[22.7543557,42.8946251],[22.7529988,42.8992125],[22.7596467,42.9026153],[22.762021,42.9080667],[22.7601864,42.9111325],[22.7744336,42.9192922],[22.7778039,42.9256378],[22.779936,42.9318252],[22.7722506,42.9358811],[22.7737052,42.9382304],[22.7685111,42.9478611],[22.7777719,42.9502133],[22.7788249,42.9531202],[22.782329,42.9504509],[22.7807065,42.9553378],[22.7851364,42.9584813],[22.7826577,42.9643905],[22.7866541,42.9683591],[22.7839416,42.9713272],[22.7861505,42.9753287],[22.7838366,42.9816314],[22.8494447,43.0048172],[22.8625345,43.0214156],[22.8983951,43.0362199],[22.8997816,43.0482777],[22.9091865,43.0557778],[22.9184352,43.0800694],[22.9332529,43.088301],[22.9526322,43.0924104],[22.9832371,43.1114847],[22.9847123,43.1210276],[22.9950727,43.1361489],[22.993697,43.1506312],[22.9974082,43.1558442],[22.9944507,43.1621212],[22.986399,43.166673],[23.0057247,43.1861491],[23.005829,43.193384],[23.019008,43.199844],[23.04311,43.184242],[23.045366,43.169673],[23.062969,43.169442],[23.070625,43.163306],[23.073404,43.156414],[23.088797,43.147247],[23.092525,43.136003],[23.106603,43.126043],[23.107404,43.109908],[23.112959,43.115294],[23.124522,43.118804],[23.143218,43.111435],[23.164406,43.109332],[23.188689,43.112121],[23.191565,43.118171],[23.20403,43.113111],[23.211619,43.115436],[23.229269,43.111283],[23.235413,43.11458],[23.243293,43.111771],[23.247551,43.115475],[23.241945,43.121539],[23.242801,43.124873],[23.247443,43.129385],[23.256814,43.130869],[23.293786,43.12159],[23.31512,43.133811],[23.3219265,43.1587985],[23.325557,43.156565],[23.338317,43.15883],[23.342592,43.154667],[23.345456,43.15819],[23.363482,43.156536],[23.368344,43.15316],[23.388064,43.155771],[23.386666,43.15936],[23.390183,43.160602],[23.400544,43.157809],[23.414001,43.161098],[23.424408,43.15253],[23.43902,43.149919],[23.442612,43.157719],[23.455776,43.153008],[23.474275,43.154226],[23.478163,43.151133],[23.47784,43.144661],[23.486394,43.13544],[23.458222,43.118562],[23.454899,43.108626],[23.461086,43.106768],[23.454727,43.104063],[23.451759,43.095852],[23.464984,43.090793],[23.472371,43.084246],[23.47082,43.080345],[23.473919,43.071847],[23.489209,43.075668],[23.492288,43.073709],[23.494264,43.063172],[23.5022605,43.0483255],[23.5154296,43.0443328],[23.520674,43.036492],[23.522321,43.023214],[23.517428,43.024447],[23.527458,43.014699],[23.537513,43.013177],[23.543448,43.005094],[23.56138,43.000624],[23.566563,42.993907],[23.576381,43.00425],[23.580004,43.01857],[23.590092,43.027428],[23.592945,43.036501],[23.617495,43.047612],[23.624421,43.052676],[23.624205,43.05575],[23.627933,43.054855],[23.626185,43.05805],[23.633602,43.059622],[23.640099,43.057207],[23.639152,43.053149],[23.647518,43.04524],[23.653441,43.044328],[23.667049,43.034677],[23.680945,43.033234],[23.691235,43.026837],[23.698103,43.026344],[23.716999,43.036165],[23.728972,43.048684],[23.745718,43.056593],[23.748433,43.064045],[23.757249,43.071053],[23.760826,43.069846],[23.75913,43.067895],[23.765734,43.067109],[23.803379,43.066801],[23.812848,43.056234],[23.811595,43.051149],[23.82803,43.053515],[23.839288,43.049398],[23.865465,43.047529],[23.872868,43.048071],[23.877645,43.055028],[23.886675,43.046014],[23.910706,43.045134],[23.924974,43.040863],[23.928785,43.03642],[23.924677,43.030362],[23.939188,43.025377],[23.949076,43.025827],[23.950906,43.02854],[23.95313,43.026563],[23.96362,43.03264],[23.96595,43.04288],[23.961188,43.056529],[23.967482,43.057562],[23.97133,43.062315],[23.981382,43.054485],[24.0018,43.051112],[24.016803,43.064692],[24.035415,43.06232],[24.04397,43.059976],[24.047218,43.046917],[24.043952,43.036521],[24.046359,43.028971],[24.041521,43.030904],[24.054847,43.021316],[24.058489,43.014533],[24.058962,43.001886],[24.068482,42.999271],[24.066328,42.996568],[24.068793,42.9952],[24.068008,42.989076],[24.077096,42.984924],[24.0654803,42.9813764],[24.067887,42.977553],[24.064421,42.976306],[24.065307,42.96684],[24.062146,42.964804],[24.073792,42.957109],[24.08655,42.956386],[24.084646,42.953963],[24.086911,42.949288],[24.091509,42.948884],[24.089494,42.940934],[24.102519,42.942632],[24.105611,42.937241],[24.115003,42.934378],[24.114607,42.937095],[24.115678,42.937401],[24.131064,42.929516],[24.135908,42.934135],[24.143067,42.931382],[24.154673,42.934526],[24.165286,42.92971],[24.169654,42.917998],[24.159755,42.917691],[24.15969,42.914343],[24.172776,42.90856],[24.171635,42.900783],[24.17663,42.901024],[24.169866,42.88677],[24.176313,42.877878],[24.169565,42.873448],[24.172569,42.870295],[24.168204,42.866173],[24.171268,42.86013],[24.165908,42.855219],[24.174622,42.845576],[24.168713,42.841729],[24.192381,42.834082],[24.181569,42.827969],[24.167882,42.827891],[24.167467,42.816381],[24.17297,42.813345],[24.191468,42.821529],[24.203311,42.820362],[24.202397,42.813879],[24.194916,42.808957],[24.169733,42.800428],[24.154713,42.799143],[24.148487,42.787089],[24.1279078,42.7827691],[24.127976,42.774955],[24.138127,42.776193],[24.190745,42.762618],[24.233858,42.766902],[24.250142,42.775906],[24.289704,42.772256],[24.322855,42.76001],[24.335554,42.749982],[24.354624,42.754869],[24.373559,42.748769],[24.3859203,42.7499984],[24.3864,42.73021],[24.381226,42.72807],[24.372842,42.711773],[24.367946,42.712041],[24.369998,42.695953],[24.362965,42.694373],[24.367452,42.688982],[24.365094,42.681098],[24.356874,42.677438],[24.383264,42.663582],[24.401802,42.645748],[24.425121,42.644473],[24.437032,42.637215],[24.440939,42.63094],[24.45447,42.624858],[24.458325,42.613727],[24.465596,42.607051],[24.482846,42.599742],[24.483349,42.590014],[24.472572,42.587834],[24.471106,42.577333],[24.459246,42.574061],[24.458503,42.568353],[24.466294,42.561642],[24.450077,42.553794],[24.443965,42.558135],[24.428361,42.560276],[24.426599,42.555526],[24.42087,42.553128],[24.412403,42.561611],[24.412417,42.565139],[24.380432,42.56687],[24.354723,42.550214],[24.349095,42.566428],[24.343986,42.568209],[24.343966,42.574723],[24.31431,42.58346],[24.306811,42.596937],[24.309054,42.601194],[24.301576,42.603902],[24.300458,42.608079],[24.290705,42.613026],[24.280994,42.623557],[24.276067,42.625539],[24.260888,42.621298],[24.227918,42.629003],[24.217537,42.627482],[24.21177,42.618753],[24.20537,42.622218],[24.195906,42.617704],[24.178301,42.621205],[24.1542755,42.6153523],[24.151746,42.610224],[24.153883,42.602819],[24.149518,42.607583],[24.142778,42.605133],[24.139535,42.600507],[24.142713,42.597075],[24.141619,42.593176],[24.128844,42.588259],[24.123699,42.574503],[24.108458,42.56796],[24.092223,42.572477],[24.080338,42.571982],[24.073858,42.561395],[24.055216,42.557692],[24.041919,42.547732],[24.022026,42.547322],[24.003302,42.558847],[23.990573,42.562277],[23.990599,42.567138],[23.966461,42.571895],[23.954778,42.571572],[23.937239,42.56121],[23.916969,42.560507],[23.899634,42.546843],[23.890478,42.546281],[23.895338,42.541493],[23.895873,42.536177],[23.916419,42.518652],[23.910114,42.503961],[23.955275,42.47896],[23.959484,42.470308],[23.953606,42.465602],[23.95519,42.462636],[23.964055,42.465395],[23.965849,42.462789],[23.963236,42.460915],[23.967427,42.459936],[23.981051,42.468946],[23.979398,42.462686],[23.983191,42.464342],[23.985262,42.461344],[23.979428,42.458768],[23.989408,42.453569],[23.991999,42.457849],[24.00744,42.456656],[24.031011,42.462232],[24.03859,42.467562],[24.058,42.461739],[24.066053,42.450154],[24.058728,42.449743],[24.045865,42.42787],[24.04767,42.42109],[24.044999,42.409253],[24.039437,42.411495],[24.0327,42.408483],[24.036455,42.406942],[24.038591,42.398194],[24.032949,42.398847],[24.030298,42.391915],[24.021017,42.38902],[24.0183,42.391974],[24.009363,42.38818],[24.004763,42.394793],[23.988836,42.388207],[23.970361,42.388425],[23.955677,42.37967],[23.96273,42.373118],[23.953884,42.368113],[23.956321,42.353317],[23.947718,42.336698],[23.95323,42.334945],[23.940889,42.330737],[23.941126,42.328345],[23.961686,42.312333],[23.994156,42.299378],[23.994654,42.293791],[23.982422,42.286434],[23.97704,42.274699],[23.97155,42.274851],[23.967045,42.267257],[23.961844,42.265728],[23.950794,42.272184],[23.934751,42.272133],[23.923886,42.27738],[23.924705,42.286615],[23.917095,42.295679],[23.898699,42.299353],[23.887373,42.286172],[23.894586,42.274758],[23.891615,42.267499],[23.884377,42.263685],[23.884991,42.259483],[23.872044,42.255673],[23.871192,42.250747],[23.877623,42.249331],[23.871249,42.244751],[23.872537,42.24033],[23.866466,42.231745],[23.859703,42.232211],[23.852019,42.2240077],[23.845382,42.226409],[23.840409,42.209616],[23.827074,42.209615],[23.816545,42.20547],[23.806787,42.206705],[23.8007189,42.1975964],[23.7784877,42.1815433],[23.743853,42.183606],[23.729963,42.165029],[23.739048,42.150999],[23.714533,42.15799],[23.702512,42.154614],[23.683339,42.169966],[23.673543,42.169546],[23.6544795,42.1752738],[23.648135,42.161602],[23.649508,42.156152],[23.604288,42.161742],[23.603176,42.156924],[23.593341,42.154186],[23.594387,42.140486],[23.577723,42.118669],[23.581807,42.112758],[23.577953,42.104156],[23.571721,42.101599],[23.575322,42.096093],[23.572348,42.085992],[23.556469,42.08743],[23.538974,42.083938],[23.503609,42.091699],[23.499797,42.09756],[23.49594,42.097525],[23.4978781,42.1055198],[23.5077007,42.1134516],[23.5199108,42.1120325],[23.5243899,42.115283],[23.5294648,42.127036],[23.5149505,42.141967],[23.5022677,42.1471446],[23.489816,42.1445017],[23.4636673,42.1526491],[23.4566249,42.1513687],[23.4519861,42.1742825],[23.4451713,42.1856515],[23.4357916,42.1874802],[23.4210174,42.182238],[23.4088768,42.1822105],[23.403178,42.175693],[23.3688699,42.168046],[23.3608193,42.1708133],[23.335018,42.1668631],[23.3153678,42.1787444],[23.316817,42.191675],[23.326362,42.207706],[23.332155,42.215118],[23.351964,42.228462],[23.351211,42.239165],[23.354097,42.244118],[23.374931,42.249103],[23.381477,42.242813],[23.393439,42.243193],[23.392754,42.248748],[23.388056,42.2514],[23.386428,42.265637],[23.382467,42.272162],[23.382179,42.277991],[23.386387,42.283195],[23.347672,42.29657],[23.338145,42.304087],[23.336532,42.310095],[23.315996,42.319059],[23.312743,42.325715],[23.321577,42.335305],[23.319599,42.342585],[23.31391,42.344336],[23.311729,42.352172],[23.3138268,42.3583413],[23.308122,42.359236],[23.293927,42.373091],[23.28851,42.373806],[23.27733,42.364508],[23.259678,42.359129],[23.252264,42.368323],[23.255663,42.37636],[23.243307,42.37962],[23.224083,42.377034],[23.228747,42.392634],[23.242415,42.404445],[23.23735,42.408543],[23.239866,42.411593],[23.237894,42.413729],[23.224793,42.419127],[23.224415,42.423745],[23.219457,42.42388],[23.227114,42.427026],[23.220221,42.428104],[23.218774,42.432296],[23.223564,42.439417],[23.218301,42.443441],[23.222608,42.457663],[23.220121,42.459846],[23.221066,42.472803],[23.230485,42.478913],[23.233828,42.491197],[23.237543,42.49405],[23.254359,42.496715],[23.259227,42.514819],[23.279517,42.533458],[23.296468,42.531503],[23.301337,42.524653],[23.311554,42.528304],[23.326015,42.510717],[23.36286,42.495113],[23.376059,42.494178],[23.385431,42.484232],[23.396353,42.480241],[23.415091,42.464182],[23.423432,42.472459],[23.447942,42.480399],[23.440192,42.494449],[23.442365,42.501297],[23.429839,42.505206],[23.429493,42.509744],[23.425144,42.511177],[23.446558,42.524722],[23.453321,42.525234],[23.46532,42.517216],[23.509968,42.512231],[23.509616,42.498626],[23.538861,42.481363],[23.536349,42.478656],[23.541624,42.475415],[23.534949,42.474042],[23.539847,42.469531],[23.535862,42.462294],[23.53673,42.45483],[23.529586,42.446724],[23.535252,42.437013],[23.533164,42.427884],[23.545778,42.412531],[23.554725,42.414317],[23.563083,42.421576],[23.57015,42.421265],[23.571075,42.41733],[23.574562,42.416542],[23.590409,42.421167],[23.604364,42.413188],[23.631964,42.415433],[23.646271,42.421795],[23.662348,42.421739],[23.665301,42.436284],[23.660825,42.439086],[23.65887,42.445377],[23.6605656,42.4557386],[23.649226,42.459464],[23.648906,42.469338],[23.643445,42.471631],[23.641852,42.47987],[23.622103,42.488955],[23.630115,42.500362],[23.62466,42.502596],[23.614755,42.500097],[23.605334,42.506023],[23.594278,42.50272],[23.586953,42.505134],[23.567727,42.528173],[23.549846,42.533441],[23.554629,42.543048],[23.554925,42.547702],[23.551262,42.55042],[23.565594,42.555176],[23.559294,42.561854],[23.5658671,42.5691195],[23.556673,42.575174],[23.554472,42.586733],[23.557989,42.593809],[23.559492,42.61624],[23.542227,42.624822],[23.53072,42.624996],[23.534375,42.637014],[23.531915,42.638786],[23.510173,42.6435003],[23.5073775,42.6378648],[23.5007067,42.6395134],[23.5036635,42.6487061],[23.495309,42.651871],[23.497965,42.657504],[23.493507,42.660058],[23.49393,42.67443],[23.520874,42.679534],[23.520636,42.684465],[23.531919,42.685043],[23.534263,42.681787],[23.545987,42.680656],[23.543631,42.693723],[23.5481568,42.7039898],[23.559711,42.706387],[23.559877,42.708776],[23.5943712,42.7099065],[23.6086271,42.7266762],[23.6083692,42.733852],[23.6132734,42.7359056],[23.6192013,42.7542113],[23.6239635,42.7554298],[23.6193621,42.76018],[23.6242248,42.7673025],[23.6332656,42.7717284],[23.6402071,42.767989],[23.6412967,42.772891],[23.646552,42.7758032],[23.6485871,42.7809759],[23.6460573,42.7883217],[23.6493032,42.794562],[23.6468391,42.8001186],[23.6536932,42.8081599],[23.6542115,42.8177955],[23.6639709,42.8251441],[23.6656904,42.8312992],[23.678666,42.834345],[23.677224,42.844419],[23.665859,42.839494],[23.65083,42.84531],[23.6362884,42.8386694],[23.635797,42.85248],[23.632511,42.856556],[23.624724,42.854287],[23.604494,42.8604],[23.59405,42.851661],[23.577254,42.84695],[23.566077,42.829689],[23.556533,42.8276],[23.539065,42.832239],[23.533133,42.839572],[23.534277,42.843083],[23.530977,42.843222],[23.533888,42.847917],[23.527254,42.849086],[23.524492,42.856019],[23.513676,42.862683],[23.508841,42.8643],[23.496292,42.859293],[23.489476,42.860469],[23.487897,42.864879],[23.482834,42.865298],[23.481848,42.871197],[23.471864,42.87441],[23.468268,42.872597],[23.4648259,42.8627926],[23.453588,42.863413],[23.448499,42.871992],[23.4407384,42.8691481],[23.435061,42.861617],[23.414451,42.856444],[23.410524,42.851515],[23.406279,42.851749],[23.406463,42.848526],[23.386081,42.847592],[23.372005,42.839234],[23.365691,42.841656],[23.3740325,42.8477849],[23.36689,42.852541],[23.341978,42.856012],[23.342657,42.864036],[23.3297154,42.8720046],[23.324331,42.871681],[23.317991,42.879938],[23.320222,42.88347],[23.313338,42.885337],[23.3067882,42.8820352],[23.28839,42.894262],[23.277747,42.89645],[23.263871,42.892859],[23.26046,42.875576],[23.250953,42.871797],[23.246628,42.865594],[23.252101,42.853715],[23.249608,42.850814],[23.255423,42.849799],[23.249629,42.840189],[23.254276,42.829168],[23.2423481,42.8176759],[23.25105,42.806089],[23.250495,42.797362],[23.247832,42.795055],[23.241777,42.796497],[23.217334,42.78428],[23.212327,42.787477],[23.203276,42.776541],[23.200363,42.771102],[23.207525,42.771899],[23.206331,42.767044],[23.212708,42.763727],[23.209455,42.761066],[23.218434,42.756445],[23.213856,42.753748],[23.2117782,42.7445443],[23.198501,42.72917],[23.18922,42.726193],[23.187906,42.730097],[23.174498,42.730937],[23.164061,42.728419],[23.163341,42.725124],[23.15765,42.726034],[23.158486,42.728122],[23.145199,42.736974],[23.11666,42.740026],[23.089885,42.73435],[23.087176,42.737651],[23.083163,42.733817],[23.07662,42.733435],[23.071647,42.725255],[23.05645,42.712732],[23.046518,42.715205],[23.046534,42.71755],[23.044102,42.715419],[23.037386,42.717373],[23.040846,42.723363],[23.032035,42.733432],[23.034258,42.736997],[23.03187,42.747465],[23.04091,42.754313],[23.015425,42.755102],[23.011774,42.752064],[23.003722,42.755677],[22.989239,42.75545],[22.984715,42.763105],[22.99264,42.764075],[22.992216,42.769581],[22.987292,42.769087],[22.985743,42.773228],[22.978243,42.774181],[22.970888,42.780452],[22.962695,42.77955],[22.946864,42.770748],[22.939843,42.781694],[22.932952,42.781155],[22.9207,42.789206],[22.915047,42.789103],[22.916582,42.798331],[22.90839,42.803348],[22.9105779,42.8138782],[22.906126,42.816183],[22.903337,42.821996],[22.907158,42.822404],[22.9045352,42.8250039],[22.892592,42.821981],[22.881631,42.826558],[22.870857,42.810057],[22.854104,42.815917],[22.845703,42.822866],[22.845012,42.827948],[22.849534,42.83011],[22.852404,42.836756],[22.849576,42.836714],[22.860886,42.840877],[22.859496,42.843333],[22.867601,42.855877],[22.86102,42.854409],[22.853059,42.859057],[22.845822,42.853937],[22.839888,42.856485],[22.823829,42.845144],[22.82661,42.843753],[22.824529,42.839877],[22.814796,42.83526],[22.802269,42.847037],[22.797782,42.84547],[22.795132,42.848529],[22.780317,42.849239],[22.768217,42.864401],[22.772715,42.867984],[22.770916,42.881708],[22.76026,42.881886],[22.7484614,42.8898527]]]]}},{"type":"Feature","properties":{"slug":"sofiya-grad-oblast","name_bg":"София-град","name_en":"Sofia-City","source":"OpenStreetMap contributors, ODbL 1.0"},"geometry":{"type":"MultiPolygon","coordinates":[[[[23.05645,42.712732],[23.071647,42.725255],[23.07662,42.733435],[23.083163,42.733817],[23.087176,42.737651],[23.089885,42.73435],[23.11666,42.740026],[23.145199,42.736974],[23.158486,42.728122],[23.15765,42.726034],[23.163341,42.725124],[23.164061,42.728419],[23.174498,42.730937],[23.187906,42.730097],[23.18922,42.726193],[23.198501,42.72917],[23.2117782,42.7445443],[23.213856,42.753748],[23.218434,42.756445],[23.209455,42.761066],[23.212708,42.763727],[23.206331,42.767044],[23.207525,42.771899],[23.200363,42.771102],[23.203276,42.776541],[23.212327,42.787477],[23.217334,42.78428],[23.241777,42.796497],[23.247832,42.795055],[23.250495,42.797362],[23.25105,42.806089],[23.2423481,42.8176759],[23.254276,42.829168],[23.249629,42.840189],[23.255423,42.849799],[23.249608,42.850814],[23.252101,42.853715],[23.246628,42.865594],[23.250953,42.871797],[23.26046,42.875576],[23.263871,42.892859],[23.277747,42.89645],[23.28839,42.894262],[23.3067882,42.8820352],[23.313338,42.885337],[23.320222,42.88347],[23.317991,42.879938],[23.324331,42.871681],[23.3297154,42.8720046],[23.342657,42.864036],[23.341978,42.856012],[23.36689,42.852541],[23.3740325,42.8477849],[23.365691,42.841656],[23.372005,42.839234],[23.386081,42.847592],[23.406463,42.848526],[23.406279,42.851749],[23.410524,42.851515],[23.414451,42.856444],[23.435061,42.861617],[23.4407384,42.8691481],[23.448499,42.871992],[23.453588,42.863413],[23.4648259,42.8627926],[23.468268,42.872597],[23.471864,42.87441],[23.481848,42.871197],[23.482834,42.865298],[23.487897,42.864879],[23.489476,42.860469],[23.496292,42.859293],[23.508841,42.8643],[23.513676,42.862683],[23.524492,42.856019],[23.527254,42.849086],[23.533888,42.847917],[23.530977,42.843222],[23.534277,42.843083],[23.533133,42.839572],[23.539065,42.832239],[23.556533,42.8276],[23.566077,42.829689],[23.577254,42.84695],[23.59405,42.851661],[23.604494,42.8604],[23.624724,42.854287],[23.632511,42.856556],[23.635797,42.85248],[23.6362884,42.8386694],[23.65083,42.84531],[23.665859,42.839494],[23.677224,42.844419],[23.678666,42.834345],[23.6656904,42.8312992],[23.6639709,42.8251441],[23.6542115,42.8177955],[23.6536932,42.8081599],[23.6468391,42.8001186],[23.6493032,42.794562],[23.6460573,42.7883217],[23.6485871,42.7809759],[23.646552,42.7758032],[23.6412967,42.772891],[23.6402071,42.767989],[23.6332656,42.7717284],[23.6242248,42.7673025],[23.6193621,42.76018],[23.6239635,42.7554298],[23.6192013,42.7542113],[23.6132734,42.7359056],[23.6083692,42.733852],[23.6086271,42.7266762],[23.5943712,42.7099065],[23.559877,42.708776],[23.559711,42.706387],[23.5481568,42.7039898],[23.543631,42.693723],[23.545987,42.680656],[23.534263,42.681787],[23.531919,42.685043],[23.520636,42.684465],[23.520874,42.679534],[23.49393,42.67443],[23.493507,42.660058],[23.497965,42.657504],[23.495309,42.651871],[23.5036635,42.6487061],[23.5007067,42.6395134],[23.5073775,42.6378648],[23.510173,42.6435003],[23.531915,42.638786],[23.534375,42.637014],[23.53072,42.624996],[23.542227,42.624822],[23.559492,42.61624],[23.557989,42.593809],[23.554472,42.586733],[23.556673,42.575174],[23.5658671,42.5691195],[23.559294,42.561854],[23.564841,42.557505],[23.565594,42.555176],[23.551262,42.55042],[23.554925,42.547702],[23.554629,42.543048],[23.549846,42.533441],[23.567727,42.528173],[23.586953,42.505134],[23.594278,42.50272],[23.605334,42.506023],[23.614755,42.500097],[23.62466,42.502596],[23.630115,42.500362],[23.622103,42.488955],[23.641852,42.47987],[23.643445,42.471631],[23.648906,42.469338],[23.649226,42.459464],[23.6605656,42.4557386],[23.65887,42.445377],[23.660825,42.439086],[23.665301,42.436284],[23.662348,42.421739],[23.646271,42.421795],[23.631964,42.415433],[23.604364,42.413188],[23.590409,42.421167],[23.574562,42.416542],[23.571075,42.41733],[23.57015,42.421265],[23.563083,42.421576],[23.554725,42.414317],[23.545778,42.412531],[23.533164,42.427884],[23.535252,42.437013],[23.529586,42.446724],[23.536274,42.453462],[23.535862,42.462294],[23.539747,42.468471],[23.534949,42.474042],[23.541624,42.475415],[23.536349,42.478656],[23.538861,42.481363],[23.509616,42.498626],[23.509968,42.512231],[23.46532,42.517216],[23.453321,42.525234],[23.446558,42.524722],[23.425144,42.511177],[23.429493,42.509744],[23.429839,42.505206],[23.442365,42.501297],[23.440192,42.494449],[23.447942,42.480399],[23.425707,42.473576],[23.4134208,42.4639996],[23.408189,42.471788],[23.385431,42.484232],[23.376059,42.494178],[23.36286,42.495113],[23.331153,42.508205],[23.311554,42.528304],[23.301337,42.524653],[23.296748,42.53131],[23.290175,42.532721],[23.296947,42.536078],[23.299962,42.544436],[23.287932,42.554187],[23.28419,42.562952],[23.25789,42.563859],[23.248994,42.571454],[23.238119,42.570669],[23.230463,42.574971],[23.224221,42.583009],[23.186454,42.592342],[23.15373,42.592118],[23.149244,42.58695],[23.143327,42.587248],[23.139663,42.594176],[23.148693,42.599033],[23.152989,42.605476],[23.171841,42.613645],[23.170414,42.617918],[23.175133,42.623922],[23.162697,42.641582],[23.172897,42.649017],[23.172619,42.653284],[23.167622,42.658503],[23.146647,42.662314],[23.143511,42.667125],[23.124004,42.670012],[23.118341,42.667234],[23.115134,42.672611],[23.109502,42.674395],[23.109842,42.684171],[23.103011,42.689464],[23.10582,42.6949076],[23.101822,42.693085],[23.09763,42.695721],[23.08585,42.691858],[23.079482,42.695094],[23.066836,42.694222],[23.066271,42.698553],[23.053843,42.699145],[23.051106,42.702238],[23.05645,42.712732]]]]}},{"type":"Feature","properties":{"slug":"targovishte-oblast","name_bg":"Търговище","name_en":"Targovishte","source":"OpenStreetMap contributors, ODbL 1.0"},"geometry":{"type":"MultiPolygon","coordinates":[[[[25.9440209,43.3858872],[25.9479836,43.3988764],[25.9452008,43.4026544],[25.9486646,43.4063848],[25.9526185,43.4083522],[25.9638141,43.403235],[25.9823796,43.4065352],[25.9934639,43.4242747],[25.993335,43.4287116],[25.9985436,43.4295144],[25.9999475,43.4338286],[26.0140521,43.4423059],[26.0127918,43.4463821],[26.0236334,43.4457734],[26.0300014,43.450274],[26.027393,43.4573046],[26.0315953,43.4629081],[26.0298433,43.4644329],[26.0441756,43.4760592],[26.0323675,43.4871179],[26.0402196,43.4954806],[26.0446421,43.5150134],[26.0462725,43.513145],[26.0674032,43.5178893],[26.0775848,43.51554],[26.0954999,43.5244847],[26.1131514,43.5242997],[26.1188156,43.5205056],[26.1383979,43.5286214],[26.1732961,43.5166148],[26.1891904,43.5173919],[26.2016101,43.5258213],[26.2221642,43.5223252],[26.2191286,43.5296587],[26.2244851,43.5298886],[26.2193056,43.5356837],[26.2318458,43.5413295],[26.2219726,43.5470248],[26.2305244,43.5511375],[26.247162,43.5490616],[26.2525025,43.5551407],[26.2676818,43.5497094],[26.2702083,43.5415387],[26.2663844,43.540377],[26.2714239,43.5368237],[26.281368,43.5391545],[26.2823,43.5323208],[26.291627,43.5277763],[26.319301,43.5223602],[26.3318991,43.5148354],[26.3318469,43.5109983],[26.3385109,43.5047653],[26.3447607,43.504922],[26.3436089,43.500605],[26.3611897,43.4957219],[26.3704263,43.4962618],[26.3699569,43.490692],[26.3773601,43.4855038],[26.3697232,43.4695655],[26.36051,43.4626316],[26.3685623,43.4508857],[26.3605544,43.445764],[26.3693882,43.4440149],[26.367741,43.4377226],[26.3777186,43.4334935],[26.3864981,43.439965],[26.3901223,43.4362254],[26.4024236,43.4361128],[26.416135,43.4430288],[26.4307904,43.4441137],[26.4306856,43.4463737],[26.4376974,43.4476599],[26.4624681,43.4477968],[26.4716549,43.4431771],[26.4735793,43.4372532],[26.4653668,43.4392344],[26.4674775,43.4351],[26.4635092,43.4293022],[26.4659895,43.4229005],[26.476761,43.42194],[26.49524,43.410009],[26.5012108,43.3928736],[26.5096135,43.3889268],[26.5088985,43.3835534],[26.4717909,43.3866225],[26.4690259,43.3840597],[26.4802777,43.3701095],[26.4750316,43.3658319],[26.4768803,43.3623257],[26.4874709,43.3619639],[26.4837196,43.3563989],[26.487548,43.3472814],[26.5275497,43.3453606],[26.5385486,43.3401855],[26.5432417,43.3415398],[26.5452345,43.3477208],[26.5608583,43.3467776],[26.5997034,43.3355473],[26.6042583,43.3291564],[26.6288937,43.3301581],[26.6465476,43.3264068],[26.6453006,43.3396783],[26.6530305,43.3491105],[26.6513155,43.359702],[26.6746819,43.3747917],[26.6825379,43.3839555],[26.6852417,43.3920175],[26.6806404,43.4034843],[26.6829307,43.406357],[26.6959033,43.4017298],[26.7004135,43.4077032],[26.7296171,43.4079384],[26.7304336,43.4100959],[26.7465776,43.4093933],[26.7585767,43.4025073],[26.7709367,43.4082352],[26.7753997,43.4051896],[26.7821383,43.4065026],[26.7831303,43.400254],[26.7799992,43.3973148],[26.7859293,43.3963314],[26.7986978,43.3718487],[26.7954259,43.3610052],[26.8006319,43.3610153],[26.8020144,43.3559315],[26.7932356,43.3549628],[26.7873126,43.3578375],[26.7660361,43.352739],[26.760706,43.3551138],[26.7528419,43.3447691],[26.7605077,43.3437114],[26.761516,43.3374572],[26.7514951,43.3359389],[26.7553917,43.3346154],[26.7552528,43.325746],[26.7511405,43.3246251],[26.7543493,43.3227697],[26.7539701,43.3174759],[26.7459948,43.3119126],[26.7446778,43.3148742],[26.7412855,43.3136805],[26.7490272,43.3039801],[26.7482538,43.3005626],[26.7427234,43.3032969],[26.7413272,43.3002237],[26.7371125,43.3010622],[26.7311229,43.2851228],[26.7445361,43.2823888],[26.7426268,43.2778417],[26.7367597,43.2759327],[26.7373285,43.273141],[26.7477896,43.27407],[26.7645374,43.2683519],[26.7691874,43.2612336],[26.776025,43.258958],[26.7730718,43.2516819],[26.7792111,43.2438282],[26.7744418,43.2441092],[26.7754122,43.2325201],[26.7589922,43.2047677],[26.7569981,43.2025519],[26.7349237,43.2032292],[26.7360192,43.1987423],[26.7385113,43.1989151],[26.7267808,43.1803543],[26.7245284,43.1815439],[26.7188697,43.175019],[26.7216199,43.1726129],[26.7198947,43.1706545],[26.7291126,43.1692409],[26.715764,43.1614082],[26.7191129,43.15568],[26.7161624,43.1513954],[26.7066919,43.1533707],[26.7027212,43.1497581],[26.6923033,43.1503661],[26.6924806,43.1539695],[26.6638781,43.159202],[26.6602834,43.1552713],[26.6761021,43.1460851],[26.6716544,43.1448719],[26.6725757,43.1376612],[26.670076,43.1308957],[26.6674234,43.131338],[26.6656976,43.108758],[26.6737908,43.1078653],[26.6744365,43.0986906],[26.6844682,43.0980173],[26.6828416,43.0908624],[26.6991997,43.092313],[26.6988577,43.0813825],[26.6892388,43.0726993],[26.665904,43.0752215],[26.6676571,43.0714163],[26.6552339,43.0716795],[26.6543829,43.0658319],[26.6611675,43.0652123],[26.6646133,43.0543167],[26.6557888,43.0544132],[26.6618361,43.0486521],[26.6509947,43.0452927],[26.6184795,43.0469027],[26.6165145,43.0319518],[26.611118,43.0305053],[26.611338,43.028066],[26.6300761,43.0240585],[26.6256352,43.0169442],[26.6387615,43.0161537],[26.640975,43.0204933],[26.6539516,43.0164194],[26.6373711,43.0131699],[26.6228521,43.0051892],[26.6086119,43.0058097],[26.5953776,42.9987737],[26.5957938,42.9926756],[26.5914775,42.9909125],[26.5887261,42.9968407],[26.5835989,42.9898801],[26.584868,42.9847521],[26.5796785,42.9841581],[26.5773061,42.9861245],[26.5805788,42.9885117],[26.5785131,42.9914721],[26.5342024,43.0070908],[26.5350637,43.011799],[26.5241971,43.0100064],[26.5253844,43.0060387],[26.5205234,43.0070113],[26.5210549,43.0104787],[26.5105388,43.0078442],[26.5136108,43.009775],[26.5097724,43.0099337],[26.5146009,43.0113646],[26.5108535,43.0118606],[26.5070446,43.013517],[26.517643,43.0110902],[26.5161596,43.0168465],[26.5034983,43.0145621],[26.507181,43.0138365],[26.5033931,43.0134096],[26.5035745,43.006859],[26.5001648,43.0129596],[26.4901594,43.0112756],[26.4874901,43.0071415],[26.4907746,43.0137276],[26.4844733,43.0160678],[26.4820257,43.0124737],[26.485702,43.0108651],[26.4811155,43.0104485],[26.4834981,43.0086539],[26.4841434,43.0068226],[26.4854717,43.0062858],[26.4856556,43.0056748],[26.4866398,43.0049772],[26.4867386,43.0048452],[26.486826,43.0046928],[26.486913,43.0046623],[26.4871564,43.0045291],[26.4872152,43.0044815],[26.4873316,43.0043243],[26.4873716,43.0042502],[26.4874646,43.003982],[26.4815275,43.005693],[26.4711073,43.0009864],[26.4511894,43.0000977],[26.4443563,42.9958919],[26.4331441,42.9985809],[26.4316245,43.0030909],[26.4222277,43.0051321],[26.4256945,43.0059873],[26.4236881,43.0076256],[26.4143109,43.0067561],[26.4155793,43.0093552],[26.4113164,43.0106142],[26.413808,43.0123912],[26.4057168,43.0128882],[26.4104884,43.017678],[26.4063319,43.0187773],[26.4085491,43.0203027],[26.4054832,43.0241969],[26.397022,43.0207866],[26.3820609,43.0290432],[26.3723836,43.0200501],[26.3549623,43.0166245],[26.3499153,43.019488],[26.3602141,43.0245101],[26.3576148,43.0253581],[26.3620737,43.0298022],[26.3593095,43.0298415],[26.3603811,43.0343214],[26.3503469,43.0320046],[26.3441453,43.036345],[26.3357162,43.0350542],[26.3259759,43.0387178],[26.3257967,43.0352061],[26.3179224,43.0343803],[26.3146006,43.0292173],[26.2990919,43.0233309],[26.2782798,43.0299459],[26.276055,43.0276334],[26.2801021,43.0256269],[26.2808565,43.0175812],[26.2719168,43.0168308],[26.2586251,43.0100946],[26.2465713,43.0096496],[26.2452322,43.0059483],[26.2504008,42.9963824],[26.2446502,42.9820443],[26.2472512,42.9801852],[26.233453,42.9663534],[26.1889048,42.9729789],[26.1916642,42.9707035],[26.1855205,42.9662547],[26.1801821,42.9537752],[26.17223,42.950819],[26.167411,42.952152],[26.1673525,42.9561137],[26.1617907,42.9604454],[26.1458224,42.9608529],[26.1364771,42.9653792],[26.1357501,42.9727199],[26.132397,42.9748078],[26.1268593,42.976357],[26.1284323,42.9747285],[26.1229466,42.9710759],[26.0980554,42.9727637],[26.0760699,42.9792541],[26.0748324,42.9824636],[26.0867629,43.003803],[26.1030362,43.0046146],[26.1198372,43.0108701],[26.1185304,43.0132091],[26.1245096,43.0163022],[26.1230989,43.0208644],[26.1270213,43.0227313],[26.1288594,43.0304931],[26.1231602,43.0328967],[26.1207493,43.027928],[26.0953758,43.0308709],[26.0942239,43.0420225],[26.0846486,43.0431171],[26.0782381,43.0498775],[26.0826063,43.0649043],[26.0762258,43.0739571],[26.064293,43.0776138],[26.0638146,43.082126],[26.0535633,43.0928488],[26.0589393,43.0947399],[26.0653782,43.1053333],[26.0746952,43.1067738],[26.0739057,43.1118502],[26.0586345,43.1188292],[26.0626732,43.1268704],[26.062567,43.135072],[26.0730441,43.1376326],[26.0711068,43.1522512],[26.0760517,43.1570088],[26.0720762,43.1642753],[26.0927341,43.1648045],[26.1019057,43.1701763],[26.1034225,43.1752186],[26.1143135,43.174881],[26.1131682,43.1769653],[26.1200363,43.1801478],[26.1146399,43.1893504],[26.1168694,43.1987702],[26.1151021,43.2096311],[26.1067679,43.2114881],[26.1051713,43.2179282],[26.0991215,43.2169643],[26.0922605,43.2225772],[26.0883165,43.2219774],[26.0951764,43.2251692],[26.0881724,43.2269499],[26.0844697,43.2335843],[26.086419,43.2380325],[26.0810344,43.2388861],[26.0823374,43.2442825],[26.0748501,43.2424681],[26.0733247,43.2471442],[26.0571829,43.2506722],[26.0539045,43.2554785],[26.0628638,43.2655383],[26.081949,43.2702745],[26.0948886,43.2814145],[26.0976113,43.2889062],[26.0810238,43.2949792],[26.077206,43.3038401],[26.0721292,43.3034641],[26.0676193,43.309044],[26.048528,43.3127759],[26.0482543,43.3154864],[26.0329345,43.3175927],[26.026183,43.3142377],[26.013098,43.3204458],[26.0046289,43.3186792],[26.0003376,43.3284509],[26.0136095,43.326793],[26.0371795,43.3356212],[26.0192909,43.3308821],[26.0087246,43.3317497],[26.0074564,43.3340259],[26.0179689,43.3338039],[26.0117747,43.3423712],[26.0159205,43.3580008],[26.0080113,43.3649685],[25.9967942,43.3630464],[25.9943485,43.3669928],[25.9848103,43.3703749],[25.9699095,43.366638],[25.9619697,43.3681947],[25.9516948,43.3810278],[25.948784,43.3807101],[25.9486698,43.3858952],[25.9442078,43.3829309],[25.9440209,43.3858872]]]]}},{"type":"Feature","properties":{"slug":"haskovo-oblast","name_bg":"Хасково","name_en":"Haskovo","source":"OpenStreetMap contributors, ODbL 1.0"},"geometry":{"type":"MultiPolygon","coordinates":[[[[25.217271,41.894942],[25.22905,41.897337],[25.245283,41.895435],[25.258767,41.9018],[25.264858,41.911107],[25.262743,41.923827],[25.268615,41.923928],[25.277195,41.931474],[25.27695,41.9366],[25.283825,41.93793],[25.285227,41.944231],[25.30278,41.948636],[25.308297,41.957157],[25.305603,41.962605],[25.317608,41.967982],[25.309973,41.97508],[25.317243,41.979252],[25.3111875,41.98277],[25.3126136,41.9869744],[25.3074641,41.9946685],[25.311932,42.0111102],[25.3081229,42.0142725],[25.3082884,42.021533],[25.3029261,42.0261484],[25.3033983,42.0303334],[25.2987063,42.030954],[25.299025,42.0384769],[25.2951593,42.0442996],[25.2974181,42.049504],[25.3010863,42.0488419],[25.3066167,42.0549157],[25.3082315,42.0612342],[25.3153752,42.0598701],[25.3207711,42.0719046],[25.3407681,42.0781769],[25.3469438,42.0935692],[25.3480459,42.1143369],[25.378815,42.1048304],[25.3955342,42.1060886],[25.4059231,42.0977821],[25.4277848,42.0893231],[25.4258655,42.1015998],[25.4335252,42.0979415],[25.4473339,42.1009871],[25.4509597,42.1113894],[25.4577419,42.112594],[25.4657421,42.12361],[25.4665408,42.1397314],[25.4614667,42.1410511],[25.4616932,42.148418],[25.4577588,42.1487722],[25.4581261,42.1610117],[25.4706114,42.160731],[25.4706788,42.1641785],[25.4832206,42.1619367],[25.4932266,42.1707857],[25.5187619,42.1766054],[25.527497,42.1679617],[25.5238621,42.1658514],[25.5501093,42.157079],[25.5519946,42.1603501],[25.5688211,42.165073],[25.5684188,42.1673497],[25.5821566,42.1689451],[25.5794116,42.1736507],[25.5912259,42.1927106],[25.590432,42.2011],[25.593589,42.190014],[25.596086,42.190031],[25.597658,42.197576],[25.60932,42.200951],[25.630136,42.182133],[25.625511,42.172199],[25.621137,42.17257],[25.618812,42.153246],[25.622728,42.146788],[25.617279,42.140669],[25.622671,42.136395],[25.61728,42.13443],[25.636035,42.122493],[25.637332,42.127393],[25.646679,42.13598],[25.663946,42.139433],[25.665048,42.144511],[25.675336,42.146331],[25.682269,42.137783],[25.699938,42.136136],[25.706,42.130854],[25.704901,42.121178],[25.719095,42.118121],[25.722126,42.114602],[25.724631,42.103637],[25.721479,42.098238],[25.726525,42.089583],[25.740539,42.080605],[25.732295,42.081477],[25.729686,42.078657],[25.740596,42.067855],[25.754651,42.065902],[25.757786,42.068239],[25.763176,42.064582],[25.757729,42.057081],[25.763594,42.052387],[25.780497,42.057201],[25.777787,42.064257],[25.79071,42.073483],[25.802914,42.076236],[25.805959,42.083324],[25.829753,42.081005],[25.830494,42.086462],[25.835984,42.085526],[25.838662,42.093471],[25.847738,42.09931],[25.840746,42.109307],[25.850874,42.117219],[25.849404,42.123843],[25.862857,42.130512],[25.862352,42.128368],[25.87768,42.131654],[25.875927,42.126732],[25.871994,42.127564],[25.871701,42.122822],[25.872919,42.116756],[25.876496,42.117227],[25.877551,42.113558],[25.888304,42.112597],[25.897223,42.120318],[25.906408,42.122728],[25.922935,42.107933],[25.942926,42.10326],[25.943399,42.105746],[25.951137,42.105576],[25.977022,42.095733],[26.004788,42.071493],[26.006896,42.06581],[26.016702,42.061568],[26.021069,42.053661],[26.020439,42.039536],[26.029144,42.033176],[26.026144,42.030248],[26.057755,42.017654],[26.087594,42.031887],[26.097151,42.04025],[26.106733,42.041756],[26.113145,42.038189],[26.123432,42.043474],[26.149067,42.036949],[26.152825,42.03929],[26.155989,42.059816],[26.151369,42.07159],[26.156779,42.078952],[26.133112,42.099598],[26.13719,42.107865],[26.127567,42.124056],[26.132936,42.128051],[26.131209,42.133027],[26.136461,42.139805],[26.134217,42.151166],[26.146374,42.156903],[26.142855,42.163217],[26.155801,42.164607],[26.166301,42.170298],[26.168491,42.174437],[26.165121,42.179594],[26.16727,42.193047],[26.174777,42.193715],[26.176301,42.198434],[26.186408,42.201201],[26.192721,42.208125],[26.208752,42.199392],[26.219177,42.187271],[26.235713,42.194973],[26.2538,42.186814],[26.267355,42.186048],[26.276564,42.176977],[26.297569,42.177394],[26.341977,42.161373],[26.340456,42.163547],[26.348758,42.164919],[26.350574,42.160139],[26.35384,42.162802],[26.371935,42.160781],[26.37193,42.170894],[26.380243,42.171362],[26.394564,42.159707],[26.393662,42.156186],[26.409866,42.156259],[26.410206,42.152101],[26.416554,42.151601],[26.423924,42.15382],[26.446369,42.170945],[26.449866,42.162983],[26.469389,42.152447],[26.477412,42.157579],[26.471812,42.162964],[26.490534,42.16505],[26.489084,42.171102],[26.491213,42.171264],[26.497406,42.163443],[26.494019,42.153805],[26.495147,42.145681],[26.502107,42.146606],[26.502899,42.150785],[26.51851,42.157231],[26.538043,42.154191],[26.535189,42.14718],[26.530832,42.146161],[26.538429,42.143845],[26.541089,42.141238],[26.539716,42.137973],[26.529547,42.142175],[26.523938,42.13863],[26.529593,42.135329],[26.533116,42.138561],[26.534175,42.135536],[26.528855,42.132543],[26.531555,42.127366],[26.522765,42.127059],[26.522321,42.122775],[26.513908,42.119402],[26.520897,42.110817],[26.50644,42.098456],[26.514384,42.078539],[26.509809,42.073547],[26.513813,42.069547],[26.509073,42.068986],[26.507293,42.065191],[26.510803,42.065102],[26.511141,42.059838],[26.530367,42.053832],[26.528076,42.051993],[26.53406,42.047213],[26.532365,42.031751],[26.535608,42.027913],[26.517627,42.010341],[26.51716,42.005321],[26.50856,42.002999],[26.505136,41.994406],[26.512454,41.990775],[26.510457,41.987392],[26.516118,41.982426],[26.525707,41.980591],[26.522671,41.96556],[26.540177,41.956364],[26.557722,41.936867],[26.561622,41.9246549],[26.5705743,41.9126111],[26.5843395,41.9033968],[26.5776504,41.8981604],[26.5765364,41.8925635],[26.5669452,41.8858106],[26.5704972,41.8805015],[26.5794124,41.8780687],[26.5805603,41.8719884],[26.565551,41.8666002],[26.5641198,41.8546595],[26.5524843,41.8482266],[26.5386729,41.8235294],[26.3689614,41.8206934],[26.3420741,41.7797444],[26.3295112,41.7519036],[26.3291048,41.7360559],[26.3574429,41.714517],[26.3579609,41.7111279],[26.3345663,41.715535],[26.3236085,41.7148076],[26.3117242,41.708607],[26.2848568,41.7114689],[26.2495587,41.7231117],[26.2328247,41.739625],[26.2266298,41.7402903],[26.214334,41.7318753],[26.2021208,41.7336423],[26.178692,41.7411908],[26.1736818,41.7488862],[26.1409352,41.7352443],[26.1220213,41.7308567],[26.1126893,41.7136586],[26.0859055,41.7169142],[26.0706077,41.70971],[26.0677693,41.7063561],[26.0698465,41.6997119],[26.0609645,41.6985701],[26.0631728,41.6938594],[26.0603654,41.6886059],[26.0658264,41.6836577],[26.0686333,41.6724014],[26.0642548,41.6624252],[26.070114,41.6560444],[26.0693982,41.6517258],[26.0812709,41.6421749],[26.0900527,41.6429158],[26.0942127,41.6268221],[26.1196485,41.6239159],[26.1232491,41.6312423],[26.1380133,41.6323294],[26.1383588,41.6135895],[26.1539594,41.6055843],[26.1500633,41.5962816],[26.1473584,41.5543188],[26.1764841,41.5549662],[26.1848795,41.5201103],[26.1719888,41.5034322],[26.1740785,41.5007365],[26.1708136,41.4922727],[26.1535289,41.4865455],[26.1551313,41.4740868],[26.1743572,41.463794],[26.2013042,41.4383916],[26.1968842,41.435741],[26.1886155,41.4384171],[26.1822642,41.4340177],[26.1756272,41.4339074],[26.1677457,41.4238857],[26.1595381,41.4202814],[26.1643796,41.4095175],[26.1572134,41.3980604],[26.1582896,41.3903923],[26.1525772,41.3880598],[26.1452013,41.3760324],[26.1359588,41.3749201],[26.1365954,41.3658498],[26.1317592,41.3547441],[26.1217015,41.3563068],[26.1128565,41.352951],[26.1071867,41.3574168],[26.1009674,41.3531832],[26.0999984,41.3567359],[26.0914879,41.3499147],[26.0928019,41.3469389],[26.0809156,41.3459566],[26.0686165,41.349646],[26.0526345,41.3466358],[26.0418476,41.3503134],[26.0318299,41.3496261],[26.0309503,41.3470927],[26.0091655,41.3432689],[26.0042339,41.3387344],[25.999528,41.3263844],[25.9908851,41.326373],[25.9747236,41.3180603],[25.9499344,41.3210412],[25.956467,41.330877],[25.946375,41.328821],[25.94342,41.3325],[25.945386,41.337246],[25.940705,41.338985],[25.945144,41.345348],[25.944202,41.350061],[25.933099,41.359885],[25.938382,41.36873],[25.945041,41.370473],[25.939823,41.372297],[25.909519,41.366156],[25.904639,41.369601],[25.90356,41.372137],[25.915534,41.381772],[25.919645,41.389832],[25.90534,41.386101],[25.895536,41.390731],[25.894357,41.395069],[25.868953,41.392522],[25.843357,41.398442],[25.835846,41.396373],[25.830915,41.408522],[25.820304,41.414333],[25.819937,41.426566],[25.823621,41.428141],[25.820041,41.429726],[25.819476,41.435928],[25.824916,41.441311],[25.830884,41.436222],[25.836901,41.440369],[25.834057,41.445941],[25.841529,41.453086],[25.852252,41.452795],[25.856357,41.458406],[25.855753,41.462741],[25.86837,41.468898],[25.864318,41.468386],[25.86112,41.475872],[25.853507,41.475153],[25.854026,41.479511],[25.846884,41.48156],[25.847772,41.484159],[25.838564,41.477105],[25.834553,41.478184],[25.824798,41.48477],[25.821652,41.496298],[25.813543,41.498911],[25.812265,41.505444],[25.799375,41.509432],[25.798846,41.505027],[25.793454,41.505617],[25.794545,41.509856],[25.790574,41.518289],[25.764817,41.524005],[25.755145,41.536851],[25.76079,41.539071],[25.759822,41.544925],[25.773739,41.538651],[25.778415,41.542393],[25.784766,41.539507],[25.786857,41.543709],[25.780895,41.552128],[25.791152,41.578722],[25.78694,41.585884],[25.794978,41.583992],[25.806158,41.589045],[25.827993,41.603411],[25.831388,41.601877],[25.840253,41.612882],[25.834082,41.624371],[25.825001,41.623186],[25.82518,41.626535],[25.835091,41.630812],[25.831091,41.637495],[25.83561,41.6479],[25.82299,41.652595],[25.809619,41.650318],[25.802849,41.653086],[25.80029,41.650244],[25.792737,41.659965],[25.780139,41.652885],[25.774097,41.656987],[25.762013,41.653329],[25.747756,41.636773],[25.744177,41.622293],[25.715542,41.610161],[25.707494,41.618481],[25.704344,41.614625],[25.697164,41.620745],[25.680083,41.624555],[25.672503,41.624427],[25.649161,41.608437],[25.640863,41.611634],[25.644673,41.614623],[25.642982,41.620423],[25.622602,41.624225],[25.603627,41.622401],[25.599559,41.624923],[25.604693,41.634255],[25.603086,41.643459],[25.632995,41.662379],[25.641941,41.675274],[25.646404,41.690283],[25.632148,41.706896],[25.635744,41.710926],[25.631977,41.715781],[25.631997,41.731401],[25.606517,41.740447],[25.602697,41.746578],[25.598619,41.744878],[25.589698,41.749019],[25.587758,41.752277],[25.5912,41.761739],[25.562788,41.755825],[25.54621,41.758801],[25.540882,41.75223],[25.534226,41.759889],[25.528172,41.756402],[25.519435,41.757922],[25.515676,41.763868],[25.517644,41.767668],[25.510574,41.769425],[25.495658,41.768742],[25.483927,41.762316],[25.476733,41.76941],[25.469714,41.770917],[25.458306,41.785077],[25.45336,41.781923],[25.452459,41.789216],[25.444087,41.793539],[25.434732,41.790613],[25.42008,41.794293],[25.414049,41.788003],[25.406763,41.789007],[25.40389,41.793757],[25.391968,41.799948],[25.392194,41.807332],[25.387762,41.808685],[25.381975,41.818471],[25.384531,41.819464],[25.384653,41.830335],[25.37113,41.84318],[25.356348,41.841711],[25.358248,41.838984],[25.352445,41.836996],[25.355116,41.831888],[25.346719,41.830404],[25.356904,41.827706],[25.345831,41.8186],[25.330614,41.816202],[25.321584,41.824783],[25.312872,41.822827],[25.31502,41.819812],[25.313289,41.811369],[25.303915,41.807099],[25.304346,41.800214],[25.300775,41.798886],[25.295658,41.80335],[25.292511,41.802164],[25.284552,41.815443],[25.277598,41.817817],[25.275873,41.821682],[25.275428,41.819085],[25.270635,41.818977],[25.254551,41.826648],[25.252061,41.828761],[25.254939,41.832333],[25.254974,41.833943],[25.242165,41.831091],[25.230663,41.836867],[25.23435,41.848839],[25.24087,41.850038],[25.237082,41.852795],[25.237974,41.85601],[25.227078,41.858559],[25.225101,41.864501],[25.217036,41.868404],[25.213754,41.877703],[25.217147,41.879789],[25.217271,41.894942]]]]}},{"type":"Feature","properties":{"slug":"shumen-oblast","name_bg":"Шумен","name_en":"Shumen","source":"OpenStreetMap contributors, ODbL 1.0"},"geometry":{"type":"MultiPolygon","coordinates":[[[[26.5564024,42.9359335],[26.5562,42.943183],[26.550702,42.948052],[26.557043,42.954091],[26.560362,42.970014],[26.571524,42.976502],[26.56779,42.978141],[26.57581,42.984806],[26.584868,42.9847521],[26.5835989,42.9898801],[26.5887261,42.9968407],[26.5914775,42.9909125],[26.5957938,42.9926756],[26.5953776,42.9987737],[26.6110571,43.0068116],[26.6228521,43.0051892],[26.6373711,43.0131699],[26.6540109,43.0164611],[26.640975,43.0204933],[26.6387615,43.0161537],[26.6256352,43.0169442],[26.6300761,43.0240585],[26.611338,43.028066],[26.611118,43.0305053],[26.6165145,43.0319518],[26.6184795,43.0469027],[26.6509947,43.0452927],[26.6618361,43.0486521],[26.6557888,43.0544132],[26.6646133,43.0543167],[26.6611675,43.0652123],[26.6543829,43.0658319],[26.6552339,43.0716795],[26.6676571,43.0714163],[26.665904,43.0752215],[26.6892388,43.0726993],[26.6988577,43.0813825],[26.6991997,43.092313],[26.6828416,43.0908624],[26.6844682,43.0980173],[26.6744365,43.0986906],[26.6737908,43.1078653],[26.6656976,43.108758],[26.6674234,43.131338],[26.670076,43.1308957],[26.6725757,43.1376612],[26.6716544,43.1448719],[26.6761021,43.1460851],[26.6689535,43.1523533],[26.6604401,43.1529088],[26.6618971,43.1579548],[26.6781319,43.1579964],[26.6924806,43.1539695],[26.6923033,43.1503661],[26.7185798,43.1529675],[26.715764,43.1614082],[26.7291126,43.1692409],[26.7198947,43.1706545],[26.7216199,43.1726129],[26.7188697,43.175019],[26.7245284,43.1815439],[26.7267808,43.1803543],[26.7385113,43.1989151],[26.7360192,43.1987423],[26.7349237,43.2032292],[26.7569981,43.2025519],[26.7754122,43.2325201],[26.7744418,43.2441092],[26.7792111,43.2438282],[26.7730718,43.2516819],[26.776025,43.258958],[26.7691874,43.2612336],[26.7645374,43.2683519],[26.7477896,43.27407],[26.7373285,43.273141],[26.7367597,43.2759327],[26.7426268,43.2778417],[26.7445361,43.2823888],[26.7311229,43.2851228],[26.7371125,43.3010622],[26.7413272,43.3002237],[26.7427234,43.3032969],[26.7482538,43.3005626],[26.7490272,43.3039801],[26.7412855,43.3136805],[26.7446778,43.3148742],[26.7459948,43.3119126],[26.7539701,43.3174759],[26.7543493,43.3227697],[26.7511405,43.3246251],[26.7552528,43.325746],[26.7553917,43.3346154],[26.7514951,43.3359389],[26.761516,43.3374572],[26.7605077,43.3437114],[26.7530507,43.3431507],[26.7557204,43.3496023],[26.7611368,43.3555398],[26.7660361,43.352739],[26.7873126,43.3578375],[26.7932356,43.3549628],[26.8020144,43.3559315],[26.8006319,43.3610153],[26.7954259,43.3610052],[26.7986978,43.3718487],[26.7859293,43.3963314],[26.7799992,43.3973148],[26.7832996,43.4029443],[26.7796493,43.4080501],[26.7753997,43.4051896],[26.7667326,43.4074782],[26.7585767,43.4025073],[26.7465776,43.4093933],[26.7280674,43.410469],[26.7285254,43.4151223],[26.7350136,43.4172972],[26.7454166,43.4363445],[26.7195017,43.4473973],[26.7158094,43.4573077],[26.7258562,43.4582313],[26.728381,43.4545245],[26.7330286,43.4589772],[26.7407114,43.4577095],[26.765506,43.4640845],[26.7698919,43.4679413],[26.7634385,43.4703478],[26.7650355,43.4728452],[26.7597286,43.4798735],[26.7697776,43.4891907],[26.7809799,43.4921148],[26.7898773,43.4851202],[26.800676,43.4888751],[26.80682,43.4865211],[26.8117565,43.4943972],[26.8257972,43.5016505],[26.8172386,43.5224879],[26.8068345,43.5322005],[26.8031217,43.5320608],[26.8012422,43.5272376],[26.7956127,43.5273753],[26.8085359,43.5466445],[26.8006778,43.5523528],[26.8057384,43.5562982],[26.8279993,43.5648279],[26.8281606,43.5591498],[26.8518534,43.5638502],[26.8532633,43.5604291],[26.8620916,43.5642274],[26.8626474,43.5681841],[26.8697495,43.5713112],[26.8635134,43.5790714],[26.8730823,43.5858183],[26.8639895,43.5926],[26.8853837,43.6013056],[26.8940325,43.6106688],[26.9019362,43.607026],[26.904702,43.5920242],[26.9237273,43.5933327],[26.9573587,43.6060051],[26.9609811,43.6108437],[26.9638771,43.6276952],[26.9799138,43.6382346],[26.9892364,43.6525272],[27.0004649,43.6498928],[27.002856,43.6538561],[27.0285219,43.6507195],[27.0352517,43.6574505],[27.0268897,43.6595701],[27.0303853,43.6650699],[27.0225106,43.6661544],[27.027935,43.6668822],[27.0266103,43.6758877],[27.0207238,43.6764464],[27.0138723,43.6710643],[27.0115929,43.6768951],[27.015912,43.6817936],[27.0113683,43.6898781],[27.0019581,43.6916739],[27.0018892,43.6969264],[27.0195957,43.6979983],[27.0588251,43.7127675],[27.0555504,43.7162069],[27.0637226,43.7207365],[27.1096934,43.7115429],[27.1269558,43.7180385],[27.1298137,43.7107312],[27.1074606,43.7058983],[27.1076247,43.684002],[27.1270837,43.6834311],[27.1270322,43.6799589],[27.1437229,43.6686697],[27.1525708,43.6685617],[27.1553095,43.6725985],[27.1782806,43.6794333],[27.1821308,43.6720317],[27.1921377,43.6731318],[27.2197487,43.665791],[27.2060255,43.6617315],[27.2102214,43.6608912],[27.2218587,43.6478794],[27.2382928,43.6437892],[27.2713185,43.6464195],[27.2764436,43.642412],[27.2697271,43.6387232],[27.2950778,43.6235234],[27.3001013,43.6113329],[27.3029185,43.5897857],[27.3876892,43.6073868],[27.3894612,43.6114044],[27.4071116,43.613536],[27.4142418,43.6017954],[27.4339512,43.6085371],[27.4359515,43.603538],[27.4197989,43.5954106],[27.4245054,43.5884236],[27.4180215,43.5856017],[27.4231734,43.5778925],[27.3856697,43.5589961],[27.3867214,43.5570233],[27.3713011,43.5482982],[27.3333769,43.5418492],[27.3244834,43.5267811],[27.3167612,43.5248357],[27.3044574,43.5154249],[27.3090786,43.508418],[27.3074463,43.5056013],[27.3258797,43.5036415],[27.332802,43.4969533],[27.3435031,43.4975021],[27.3387808,43.4951964],[27.3383177,43.4854715],[27.3267477,43.4760044],[27.3391135,43.4619369],[27.3425682,43.4629863],[27.3481478,43.4571253],[27.3364228,43.4553103],[27.3430146,43.4543208],[27.345131,43.4400503],[27.3243467,43.4344628],[27.3358344,43.4261421],[27.3140584,43.4234679],[27.3155156,43.4203916],[27.3263104,43.4218768],[27.3269327,43.4143923],[27.3034417,43.4108038],[27.3019852,43.3994545],[27.2835379,43.3986363],[27.2828982,43.3876718],[27.2796451,43.384693],[27.2743216,43.3855653],[27.2712087,43.3807388],[27.269157,43.3757265],[27.2816989,43.3732739],[27.2807902,43.35821],[27.2935117,43.3471561],[27.294439,43.3377128],[27.3062458,43.3350518],[27.3094704,43.3290082],[27.3087806,43.3268265],[27.2939694,43.3280855],[27.2938699,43.3076167],[27.2992929,43.3074435],[27.2964492,43.3032998],[27.2668265,43.2978175],[27.2620756,43.2917279],[27.2580439,43.292849],[27.252798,43.2926267],[27.2514706,43.2852883],[27.2438849,43.2860762],[27.2402008,43.2709575],[27.241029,43.2654961],[27.2563469,43.262483],[27.2588306,43.247084],[27.2644538,43.2454551],[27.2734453,43.2493364],[27.2714231,43.2468822],[27.2752422,43.2460197],[27.274127,43.2419777],[27.2774791,43.2400341],[27.2730649,43.2243758],[27.281691,43.2080108],[27.2827519,43.1964971],[27.297494,43.1872985],[27.2997962,43.1813087],[27.2843947,43.1780553],[27.2731209,43.1828171],[27.2587601,43.182522],[27.258374,43.1787493],[27.2481315,43.1745887],[27.2502774,43.1719628],[27.2298416,43.1619966],[27.2224297,43.1657948],[27.2243728,43.1694511],[27.2123577,43.1676916],[27.2200116,43.1654363],[27.2252638,43.1615542],[27.1858075,43.175075],[27.180368,43.16601],[27.2046296,43.1611556],[27.202657,43.162937],[27.207318,43.163146],[27.211497,43.161243],[27.213613,43.154314],[27.196342,43.151595],[27.195801,43.137992],[27.187666,43.13982],[27.187768,43.136787],[27.182009,43.137611],[27.180702,43.122657],[27.170157,43.121894],[27.165614,43.118469],[27.172844,43.110534],[27.166403,43.110671],[27.16139,43.107028],[27.163046,43.102832],[27.176068,43.096986],[27.182253,43.085853],[27.180638,43.082088],[27.16544,43.077049],[27.183382,43.071582],[27.19072,43.078092],[27.200704,43.077567],[27.199483,43.074108],[27.213922,43.074194],[27.206677,43.065843],[27.219337,43.055089],[27.223194,43.057958],[27.223837,43.054815],[27.217013,43.053654],[27.212667,43.048646],[27.2329783,43.0401158],[27.21629,43.042831],[27.189436,43.03768],[27.18358,43.03987],[27.1827141,43.0456861],[27.174597,43.04047],[27.173896,43.029609],[27.151071,43.032945],[27.115198,43.032575],[27.095123,43.024951],[27.090583,43.020092],[27.079816,43.019068],[27.069092,43.010725],[27.070746,43.006185],[27.067627,43.001156],[27.070739,42.989655],[27.065738,42.984252],[27.071856,42.971879],[27.095441,42.967545],[27.093224,42.96469],[27.094955,42.953386],[27.091279,42.953213],[27.0910126,42.947623],[27.065217,42.937594],[27.050832,42.934124],[27.038774,42.935177],[27.023747,42.927059],[27.008583,42.926096],[27.00607,42.921602],[27.001813,42.92689],[27.003331,42.932677],[26.993833,42.940172],[26.994821,42.945184],[26.990942,42.946691],[26.977781,42.942433],[26.953496,42.945455],[26.935301,42.935448],[26.920918,42.941061],[26.916756,42.935313],[26.910388,42.934881],[26.905353,42.936819],[26.902382,42.944941],[26.895809,42.949289],[26.885183,42.946048],[26.877335,42.947937],[26.863163,42.945602],[26.855667,42.939436],[26.796106,42.949503],[26.796135,42.940726],[26.79092,42.941121],[26.788047,42.935059],[26.783404,42.933777],[26.781059,42.922343],[26.775806,42.918323],[26.767601,42.917649],[26.758702,42.90474],[26.73486,42.904345],[26.729948,42.897975],[26.699986,42.905675],[26.682513,42.896747],[26.677473,42.899831],[26.66681,42.898922],[26.650547,42.906285],[26.656462,42.910301],[26.665415,42.924346],[26.66867,42.919759],[26.666951,42.915103],[26.669995,42.916933],[26.667104,42.929187],[26.663386,42.931929],[26.650621,42.93079],[26.648672,42.927562],[26.633704,42.923549],[26.627561,42.931636],[26.613375,42.926919],[26.596133,42.927039],[26.589976,42.920176],[26.564649,42.927598],[26.556754,42.923556],[26.553945,42.926396],[26.559129,42.932649],[26.5564024,42.9359335]]]]}},{"type":"Feature","properties":{"slug":"yambol-oblast","name_bg":"Ямбол","name_en":"Yambol","source":"OpenStreetMap contributors, ODbL 1.0"},"geometry":{"type":"MultiPolygon","coordinates":[[[[26.175719,42.261456],[26.189518,42.285425],[26.204287,42.285403],[26.204448,42.303284],[26.213381,42.307414],[26.215082,42.317433],[26.22543,42.317085],[26.224954,42.327416],[26.233148,42.343436],[26.231064,42.344423],[26.250934,42.361278],[26.250795,42.365639],[26.259891,42.366278],[26.240106,42.377699],[26.227042,42.381191],[26.218924,42.378628],[26.219049,42.36626],[26.193979,42.359534],[26.186106,42.361325],[26.185517,42.366807],[26.190632,42.368336],[26.187035,42.37331],[26.183284,42.373249],[26.187447,42.37623],[26.184801,42.387255],[26.188126,42.389778],[26.183333,42.393911],[26.181025,42.402696],[26.185227,42.403739],[26.179053,42.4151],[26.185695,42.415434],[26.192628,42.411355],[26.191864,42.408249],[26.211969,42.407586],[26.225263,42.401673],[26.24227,42.414186],[26.235313,42.417235],[26.236771,42.427335],[26.232345,42.454342],[26.225214,42.456848],[26.232429,42.469777],[26.238474,42.467639],[26.246944,42.472436],[26.252492,42.470435],[26.262552,42.465151],[26.264808,42.460094],[26.271774,42.46113],[26.271854,42.45232],[26.287197,42.45175],[26.285708,42.459858],[26.300808,42.457654],[26.302619,42.448659],[26.315669,42.448755],[26.314501,42.450814],[26.321834,42.453962],[26.32542,42.449486],[26.340706,42.454142],[26.33379,42.458685],[26.338562,42.464805],[26.361376,42.462292],[26.358749,42.464809],[26.358338,42.477549],[26.36945,42.478349],[26.377835,42.495408],[26.404646,42.497458],[26.410134,42.508325],[26.397718,42.51798],[26.396828,42.529646],[26.392606,42.532404],[26.391584,42.539683],[26.398584,42.540204],[26.412779,42.54844],[26.413195,42.553599],[26.409552,42.556848],[26.422308,42.560938],[26.423181,42.563993],[26.418574,42.565291],[26.426244,42.57423],[26.434986,42.569328],[26.440126,42.56124],[26.461531,42.550292],[26.478089,42.553178],[26.479071,42.556593],[26.496619,42.557449],[26.49521,42.560216],[26.501895,42.569279],[26.517169,42.573672],[26.513525,42.577918],[26.522268,42.578392],[26.52365,42.573197],[26.552043,42.56821],[26.583771,42.583024],[26.577944,42.584836],[26.574929,42.593691],[26.600566,42.597075],[26.611025,42.603172],[26.614106,42.624006],[26.622056,42.626992],[26.632677,42.625921],[26.634541,42.62203],[26.626179,42.623003],[26.618376,42.613638],[26.64498,42.611183],[26.644869,42.617754],[26.659873,42.617284],[26.656922,42.631818],[26.664251,42.632329],[26.664736,42.637442],[26.672494,42.637425],[26.668236,42.659504],[26.671589,42.670747],[26.668726,42.676802],[26.651391,42.676758],[26.642985,42.680024],[26.637147,42.690019],[26.640588,42.693433],[26.653002,42.691076],[26.649594,42.694628],[26.651998,42.695794],[26.673145,42.697421],[26.701717,42.68621],[26.719309,42.682924],[26.721948,42.678789],[26.71843,42.674777],[26.744596,42.664474],[26.740615,42.652864],[26.747033,42.652723],[26.747822,42.648544],[26.756281,42.648969],[26.757136,42.637005],[26.772174,42.636904],[26.776309,42.622979],[26.782718,42.624105],[26.79042,42.606089],[26.781524,42.601324],[26.783841,42.588954],[26.79058,42.587316],[26.785914,42.582653],[26.811547,42.568348],[26.805474,42.561923],[26.809659,42.556408],[26.806834,42.545012],[26.817493,42.538953],[26.820251,42.532197],[26.835475,42.52303],[26.843751,42.522138],[26.84541,42.515972],[26.838676,42.507364],[26.854308,42.502944],[26.866326,42.492559],[26.881006,42.495892],[26.880053,42.490799],[26.873954,42.487824],[26.869603,42.479957],[26.884018,42.477557],[26.876867,42.458756],[26.880254,42.458605],[26.882417,42.449862],[26.897694,42.444367],[26.896019,42.450647],[26.947113,42.453181],[26.94716,42.437699],[26.969718,42.433095],[26.970376,42.419772],[26.95723,42.410179],[26.939585,42.40607],[26.904436,42.406637],[26.868418,42.394628],[26.868808,42.388369],[26.862342,42.387674],[26.862736,42.379685],[26.867932,42.376106],[26.867213,42.372653],[26.861316,42.367601],[26.879881,42.367064],[26.899966,42.347618],[26.917061,42.341514],[26.911906,42.336307],[26.919064,42.32774],[26.920162,42.319783],[26.909648,42.307093],[26.920354,42.298243],[26.926015,42.288959],[26.933891,42.288709],[26.940342,42.282119],[26.968169,42.283334],[26.967324,42.275592],[26.951433,42.26677],[26.945084,42.249492],[26.935817,42.240776],[26.94123,42.237698],[26.945154,42.227633],[26.949788,42.222193],[26.953921,42.222025],[26.954031,42.218618],[26.958163,42.218295],[26.958851,42.214448],[26.976454,42.215007],[26.989847,42.207169],[26.975198,42.2078],[26.971412,42.198524],[26.940438,42.188532],[26.941997,42.183474],[26.934152,42.180457],[26.935026,42.168167],[26.939672,42.163574],[26.937445,42.152815],[26.943049,42.144311],[26.955235,42.144853],[26.959172,42.135767],[26.973627,42.134667],[26.969793,42.126238],[26.97481,42.127432],[26.976434,42.125105],[26.979414,42.107121],[26.984151,42.100603],[26.997183,42.0997],[26.999943,42.104185],[27.00554,42.105138],[27.03023,42.098752],[27.046007,42.100143],[27.049225,42.093177],[27.0596437,42.088287],[27.0506036,42.0837362],[27.0422566,42.0848031],[27.0330228,42.0790366],[27.0245285,42.0813098],[27.021389,42.0738658],[27.0245004,42.0737503],[27.0229971,42.0673345],[27.0281618,42.0631312],[27.025852,42.0557761],[27.0221718,42.0553951],[27.0075071,42.03844],[26.9823069,42.0377597],[26.9808524,42.0272021],[26.9851445,42.019874],[26.9719725,42.0089214],[26.9653912,42.000675],[26.9657868,41.9969206],[26.9313745,42.0028017],[26.9237766,41.9994214],[26.9215376,41.9950266],[26.9133308,41.995456],[26.9020098,41.9859852],[26.8710308,41.9910748],[26.856536,41.9821056],[26.8520114,41.9839296],[26.8478253,41.9802858],[26.8472433,41.9698183],[26.842275,41.9689662],[26.8103686,41.9755933],[26.7941514,41.9840001],[26.7928688,41.9901717],[26.7871998,41.9896127],[26.7789431,41.9789238],[26.7732665,41.9794339],[26.7632231,41.9693822],[26.7592003,41.9702743],[26.7552371,41.9605231],[26.7509259,41.9583235],[26.7291238,41.9608241],[26.7132873,41.968561],[26.7037364,41.965203],[26.6739218,41.9693115],[26.6681391,41.9645509],[26.6579175,41.9701698],[26.6365472,41.9730152],[26.6237323,41.9796202],[26.6185979,41.9657061],[26.5866084,41.9477863],[26.5617121,41.9259598],[26.557722,41.936867],[26.540177,41.956364],[26.522671,41.96556],[26.525707,41.980591],[26.516118,41.982426],[26.510457,41.987392],[26.512454,41.990775],[26.505136,41.994406],[26.50856,42.002999],[26.51716,42.005321],[26.517627,42.010341],[26.535608,42.027913],[26.532365,42.031751],[26.53406,42.047213],[26.528076,42.051993],[26.530367,42.053832],[26.511141,42.059838],[26.510803,42.065102],[26.507293,42.065191],[26.509073,42.068986],[26.513813,42.069547],[26.509809,42.073547],[26.514384,42.078539],[26.50644,42.098456],[26.520897,42.110817],[26.513908,42.119402],[26.522321,42.122775],[26.522765,42.127059],[26.531555,42.127366],[26.528855,42.132543],[26.534175,42.135536],[26.533116,42.138561],[26.529593,42.135329],[26.523938,42.13863],[26.529547,42.142175],[26.539716,42.137973],[26.541089,42.141238],[26.538429,42.143845],[26.530832,42.146161],[26.535189,42.14718],[26.538043,42.154191],[26.51851,42.157231],[26.502899,42.150785],[26.502107,42.146606],[26.495147,42.145681],[26.494019,42.153805],[26.497406,42.163443],[26.493888,42.170128],[26.489084,42.171102],[26.490534,42.16505],[26.471812,42.162964],[26.477412,42.157579],[26.469389,42.152447],[26.449866,42.162983],[26.446057,42.17096],[26.423924,42.15382],[26.410206,42.152101],[26.409866,42.156259],[26.393662,42.156186],[26.394564,42.159707],[26.380243,42.171362],[26.37193,42.170894],[26.371935,42.160781],[26.35384,42.162802],[26.350574,42.160139],[26.34904,42.164863],[26.340456,42.163547],[26.341601,42.161452],[26.297569,42.177394],[26.276564,42.176977],[26.267355,42.186048],[26.2538,42.186814],[26.235713,42.194973],[26.219177,42.187271],[26.208752,42.199392],[26.192721,42.208125],[26.190365,42.214363],[26.169688,42.220838],[26.176303,42.224717],[26.181876,42.221733],[26.186122,42.223995],[26.174938,42.228661],[26.170597,42.234205],[26.173582,42.236922],[26.172385,42.247568],[26.168402,42.25071],[26.175719,42.261456]]]]}}]}